-- ============================================================
-- AssetAgro — Dados exportados do SQLite
-- Gerado em: 2026-03-12 13:19:48
-- Banco: C:\Users\ricardo.moretti\AppData\Roaming\com.tracbelagro.assetagro\assetagro.db
-- ============================================================

USE assetagro;

SET NAMES utf8mb4;
SET FOREIGN_KEY_CHECKS = 0;

-- branches: 16 registros
INSERT INTO `branches` (`id`, `name`) VALUES ('br-riopreto', 'Rio Preto');
INSERT INTO `branches` (`id`, `name`) VALUES ('br-catanduva', 'Catanduva');
INSERT INTO `branches` (`id`, `name`) VALUES ('br-jales', 'Jales');
INSERT INTO `branches` (`id`, `name`) VALUES ('br-votuporanga', 'Votuporanga');
INSERT INTO `branches` (`id`, `name`) VALUES ('br-tupa', 'Tupã');
INSERT INTO `branches` (`id`, `name`) VALUES ('br-marilia', 'Marília');
INSERT INTO `branches` (`id`, `name`) VALUES ('br-ituverava', 'Ituverava');
INSERT INTO `branches` (`id`, `name`) VALUES ('br-guaira', 'Guairá');
INSERT INTO `branches` (`id`, `name`) VALUES ('br-barretos', 'Barretos');
INSERT INTO `branches` (`id`, `name`) VALUES ('br-araraquara', 'Araraquara');
INSERT INTO `branches` (`id`, `name`) VALUES ('br-montealto', 'Monte Alto');
INSERT INTO `branches` (`id`, `name`) VALUES ('br-bebedouro', 'Bebedouro');
INSERT INTO `branches` (`id`, `name`) VALUES ('br-orlandia', 'Orlândia');
INSERT INTO `branches` (`id`, `name`) VALUES ('br-franca', 'Franca');
INSERT INTO `branches` (`id`, `name`) VALUES ('br-itapolis', 'Itápolis');
INSERT INTO `branches` (`id`, `name`) VALUES ('br-ribeirao', 'Ribeirão');

-- assets: 181 registros
INSERT INTO `assets` (`id`, `service_tag`, `equipment_type`, `status`, `employee_name`, `branch_id`, `ram_gb`, `storage_capacity_gb`, `storage_type`, `os`, `cpu`, `notes`, `model`, `year`, `is_training`, `warranty_start`, `warranty_end`, `created_at`, `updated_at`) VALUES ('dea04201-0e69-43ab-b0ec-be6cce020367', 'HQ0KB93', 'NOTEBOOK', 'IN_USE', 'Rafael Santos Correia', 'br-jales', 16, 1000, 'SSD_NVME', 'Windows 11', 'I7 10510UI', 'O equipamento apesar de ser 2020 esta em ótimas condições', 'DELL VOSTRO', 2020, 0, NULL, NULL, '2026-02-22T18:34:28Z', '2026-02-22T18:34:28Z');
INSERT INTO `assets` (`id`, `service_tag`, `equipment_type`, `status`, `employee_name`, `branch_id`, `ram_gb`, `storage_capacity_gb`, `storage_type`, `os`, `cpu`, `notes`, `model`, `year`, `is_training`, `warranty_start`, `warranty_end`, `created_at`, `updated_at`) VALUES ('2f5b6fea-d72f-4162-a127-8bb7c0ef7a18', '3C7KKZ3', 'NOTEBOOK', 'IN_USE', 'Fernando Pupim', 'br-jales', 16, 500, 'SSD_NVME', 'Windows 11', 'I7 1165G7', '', 'LATITUDE 3420', 2023, 0, NULL, NULL, '2026-02-23T13:34:05Z', '2026-02-23T13:34:05Z');
INSERT INTO `assets` (`id`, `service_tag`, `equipment_type`, `status`, `employee_name`, `branch_id`, `ram_gb`, `storage_capacity_gb`, `storage_type`, `os`, `cpu`, `notes`, `model`, `year`, `is_training`, `warranty_start`, `warranty_end`, `created_at`, `updated_at`) VALUES ('2e2d291d-fddf-460f-b94e-c56c181110c0', '6C4RN34', 'NOTEBOOK', 'IN_USE', 'Aylton de Souza', 'br-jales', 8, 500, 'SSD_NVME', 'Windows 11', 'I5 1235U', '', 'LATITUDE 3440', 2024, 0, NULL, NULL, '2026-02-23T13:40:02Z', '2026-02-23T13:40:02Z');
INSERT INTO `assets` (`id`, `service_tag`, `equipment_type`, `status`, `employee_name`, `branch_id`, `ram_gb`, `storage_capacity_gb`, `storage_type`, `os`, `cpu`, `notes`, `model`, `year`, `is_training`, `warranty_start`, `warranty_end`, `created_at`, `updated_at`) VALUES ('68b186e9-cdf1-4933-a19f-eba76f8b3291', 'FK3K1M3', 'NOTEBOOK', 'IN_USE', 'Patricia Maria de Oliveira', 'br-jales', 8, 256, 'SSD_SATA', 'Windows 11', 'I7 1165G7', '', 'VOSTRO 3400', 2022, 0, NULL, NULL, '2026-02-23T13:57:35Z', '2026-02-23T13:57:35Z');
INSERT INTO `assets` (`id`, `service_tag`, `equipment_type`, `status`, `employee_name`, `branch_id`, `ram_gb`, `storage_capacity_gb`, `storage_type`, `os`, `cpu`, `notes`, `model`, `year`, `is_training`, `warranty_start`, `warranty_end`, `created_at`, `updated_at`) VALUES ('62f57458-746c-48e5-a53b-1bfadde36842', '1PSXQ54', 'NOTEBOOK', 'IN_USE', 'Tiago Correia Devechi', 'br-jales', 8, 256, 'SSD_NVME', 'Windows 11', 'I5 1235U', 'Computador esta com a tag errada RUJB7T9 Tag correta 1PSXQ54', ' Latitude 3540', 2024, 0, NULL, NULL, '2026-02-23T14:03:08Z', '2026-02-23T14:05:51Z');
INSERT INTO `assets` (`id`, `service_tag`, `equipment_type`, `status`, `employee_name`, `branch_id`, `ram_gb`, `storage_capacity_gb`, `storage_type`, `os`, `cpu`, `notes`, `model`, `year`, `is_training`, `warranty_start`, `warranty_end`, `created_at`, `updated_at`) VALUES ('06bd2d7b-0a9d-4e79-a89d-3fb555c3929e', 'CL6JGR3', 'NOTEBOOK', 'IN_USE', 'Lucas henrique Soares', 'br-jales', 8, 256, 'SSD_SATA', 'Windows 11', 'I5 1135', '', ' VOSTRO 15 3510', 2022, 0, NULL, NULL, '2026-02-23T14:37:03Z', '2026-02-23T14:37:03Z');
INSERT INTO `assets` (`id`, `service_tag`, `equipment_type`, `status`, `employee_name`, `branch_id`, `ram_gb`, `storage_capacity_gb`, `storage_type`, `os`, `cpu`, `notes`, `model`, `year`, `is_training`, `warranty_start`, `warranty_end`, `created_at`, `updated_at`) VALUES ('ba031f63-e335-45e0-989b-8fa28539988e', 'FXD12L3', 'NOTEBOOK', 'IN_USE', 'Matheus Renan do Santos', 'br-jales', 8, 256, 'SSD_NVME', 'Windows 11', 'I5 1035', '', 'VOSTRO 3501', 2021, 0, NULL, NULL, '2026-02-23T14:41:12Z', '2026-02-23T14:41:12Z');
INSERT INTO `assets` (`id`, `service_tag`, `equipment_type`, `status`, `employee_name`, `branch_id`, `ram_gb`, `storage_capacity_gb`, `storage_type`, `os`, `cpu`, `notes`, `model`, `year`, `is_training`, `warranty_start`, `warranty_end`, `created_at`, `updated_at`) VALUES ('876280d6-3f77-4650-b0d1-3ecb14c973f4', 'J97KKZ3', 'NOTEBOOK', 'IN_USE', 'Ana Carolina da Silva Cruz', 'br-jales', 16, 500, 'SSD_SATA', 'Windows 11', 'I7 1165G7', '', 'LATITUDE 3420', 2023, 0, NULL, NULL, '2026-02-23T14:49:47Z', '2026-02-23T14:49:47Z');
INSERT INTO `assets` (`id`, `service_tag`, `equipment_type`, `status`, `employee_name`, `branch_id`, `ram_gb`, `storage_capacity_gb`, `storage_type`, `os`, `cpu`, `notes`, `model`, `year`, `is_training`, `warranty_start`, `warranty_end`, `created_at`, `updated_at`) VALUES ('ef8abb20-d6ed-4505-b232-cb62b6d2274a', '1F7KKZ3', 'NOTEBOOK', 'IN_USE', 'Geisiane Villa Ferreira', 'br-jales', 16, 500, 'SSD_SATA', 'Windows 11', 'I7 1165G7', '', 'LATITUDE 3420', 2023, 0, NULL, NULL, '2026-02-23T14:51:47Z', '2026-02-23T14:51:54Z');
INSERT INTO `assets` (`id`, `service_tag`, `equipment_type`, `status`, `employee_name`, `branch_id`, `ram_gb`, `storage_capacity_gb`, `storage_type`, `os`, `cpu`, `notes`, `model`, `year`, `is_training`, `warranty_start`, `warranty_end`, `created_at`, `updated_at`) VALUES ('2de76f85-e7aa-4862-a6ca-510b7b3a64d7', '77JBZS3', 'NOTEBOOK', 'IN_USE', 'Alan Gabriel Cardoso', 'br-jales', 8, 500, 'SSD_SATA', 'Windows 11', 'I5 1135', '', 'LATITUDE 3420', 2022, 0, NULL, NULL, '2026-02-23T14:55:28Z', '2026-02-23T14:55:28Z');
INSERT INTO `assets` (`id`, `service_tag`, `equipment_type`, `status`, `employee_name`, `branch_id`, `ram_gb`, `storage_capacity_gb`, `storage_type`, `os`, `cpu`, `notes`, `model`, `year`, `is_training`, `warranty_start`, `warranty_end`, `created_at`, `updated_at`) VALUES ('00958814-1fa3-4b42-a42d-dbbc03d2a26d', 'HC7KKZ3', 'NOTEBOOK', 'IN_USE', 'Gabriel Miguel Fazolli', 'br-jales', 8, 256, 'SSD_NVME', 'Windows 11', 'I7 1165G7', '', 'LATITUDE 3420', 2023, 0, NULL, NULL, '2026-02-23T14:58:23Z', '2026-02-23T14:58:23Z');
INSERT INTO `assets` (`id`, `service_tag`, `equipment_type`, `status`, `employee_name`, `branch_id`, `ram_gb`, `storage_capacity_gb`, `storage_type`, `os`, `cpu`, `notes`, `model`, `year`, `is_training`, `warranty_start`, `warranty_end`, `created_at`, `updated_at`) VALUES ('197b53a6-3869-487a-9359-ffa2c48dcc03', 'DB7KKZ3', 'NOTEBOOK', 'IN_USE', 'Halder Carlos de Oliveira Silva', 'br-jales', 16, 500, 'SSD_SATA', 'Windows 11', 'I7 1165G7', '', 'LATITUDE 3420', 2023, 0, NULL, NULL, '2026-02-23T15:01:45Z', '2026-02-23T15:01:45Z');
INSERT INTO `assets` (`id`, `service_tag`, `equipment_type`, `status`, `employee_name`, `branch_id`, `ram_gb`, `storage_capacity_gb`, `storage_type`, `os`, `cpu`, `notes`, `model`, `year`, `is_training`, `warranty_start`, `warranty_end`, `created_at`, `updated_at`) VALUES ('16362a68-8b4f-44d0-82cd-f6b2ec42deb3', '5TPFJ34', 'NOTEBOOK', 'IN_USE', 'Leticia da Silva Xavier', 'br-jales', 8, 256, 'SSD_NVME', 'Windows 11', 'I5 1235U', '', ' Latitude 3540', 2024, 0, NULL, NULL, '2026-02-23T15:10:20Z', '2026-02-23T15:10:20Z');
INSERT INTO `assets` (`id`, `service_tag`, `equipment_type`, `status`, `employee_name`, `branch_id`, `ram_gb`, `storage_capacity_gb`, `storage_type`, `os`, `cpu`, `notes`, `model`, `year`, `is_training`, `warranty_start`, `warranty_end`, `created_at`, `updated_at`) VALUES ('a0417da1-8d4b-452d-95fe-c059dd5333ad', 'G97KKZ3', 'NOTEBOOK', 'IN_USE', 'Murilo Henrique da Silva Oliveira', 'br-jales', 16, 500, 'SSD_SATA', 'Windows 11', 'I7 1165G7', '', 'LATITUDE 3420', 2023, 0, NULL, NULL, '2026-02-23T16:27:09Z', '2026-02-23T16:27:09Z');
INSERT INTO `assets` (`id`, `service_tag`, `equipment_type`, `status`, `employee_name`, `branch_id`, `ram_gb`, `storage_capacity_gb`, `storage_type`, `os`, `cpu`, `notes`, `model`, `year`, `is_training`, `warranty_start`, `warranty_end`, `created_at`, `updated_at`) VALUES ('59e6de11-7d1d-4d2f-b3f1-daf9df497a60', 'HB7KKZ3', 'NOTEBOOK', 'IN_USE', 'Regis Aparecido da Silva Guimaraes', 'br-jales', 16, 500, 'SSD_SATA', 'Windows 11', 'I7 1165G7', '', 'LATITUDE 3420', 2023, 0, NULL, NULL, '2026-02-23T16:32:41Z', '2026-02-23T16:32:41Z');
INSERT INTO `assets` (`id`, `service_tag`, `equipment_type`, `status`, `employee_name`, `branch_id`, `ram_gb`, `storage_capacity_gb`, `storage_type`, `os`, `cpu`, `notes`, `model`, `year`, `is_training`, `warranty_start`, `warranty_end`, `created_at`, `updated_at`) VALUES ('2a769dd5-d7e6-4d1d-a407-b2b11be3080e', 'HXD8VW2', 'NOTEBOOK', 'IN_USE', 'ALMOXARIFADO JALES', 'br-jales', 8, 256, 'SSD_SATA', 'Windows 10', 'I3 7020', 'Computador no Windows 10 em ótimo estado, esta com um ssd de 120 gb e um hdd de 1tb', 'INSPIRON 3481', 2019, 0, NULL, NULL, '2026-02-23T16:41:31Z', '2026-02-23T16:41:31Z');
INSERT INTO `assets` (`id`, `service_tag`, `equipment_type`, `status`, `employee_name`, `branch_id`, `ram_gb`, `storage_capacity_gb`, `storage_type`, `os`, `cpu`, `notes`, `model`, `year`, `is_training`, `warranty_start`, `warranty_end`, `created_at`, `updated_at`) VALUES ('1e4df473-e4b6-4a37-b32c-261dba5c26bb', 'HNSXQ54', 'NOTEBOOK', 'IN_USE', 'Guilherme Ballista Ferreira da Silva', 'br-jales', 8, 256, 'SSD_NVME', 'Windows 11', 'I5 1235', 'Computador esta com a tag errada no sistema ERDDO47 ', 'LATITUDE 3540', 2024, 0, NULL, NULL, '2026-02-23T16:48:50Z', '2026-02-23T16:48:50Z');
INSERT INTO `assets` (`id`, `service_tag`, `equipment_type`, `status`, `employee_name`, `branch_id`, `ram_gb`, `storage_capacity_gb`, `storage_type`, `os`, `cpu`, `notes`, `model`, `year`, `is_training`, `warranty_start`, `warranty_end`, `created_at`, `updated_at`) VALUES ('7ab56991-9f64-46f9-92a1-82bb56dbad14', 'C7ZJHJ2', 'DESKTOP', 'IN_USE', 'Desktop de treinamento filial de jales.', 'br-jales', 8, 500, 'SSD_SATA', 'Outro', 'I5 NAO SEI A GERAÇAO', 'È preciso avaliar a maquina depois novamente pois a mesma esta sem tela.', ' OPTIPLEX 3040 SMALL FORM FACTOR', 2018, 0, NULL, NULL, '2026-02-23T16:56:26Z', '2026-02-23T16:56:38Z');
INSERT INTO `assets` (`id`, `service_tag`, `equipment_type`, `status`, `employee_name`, `branch_id`, `ram_gb`, `storage_capacity_gb`, `storage_type`, `os`, `cpu`, `notes`, `model`, `year`, `is_training`, `warranty_start`, `warranty_end`, `created_at`, `updated_at`) VALUES ('da5bb0b4-57fc-418b-a4c4-a02de570ab09', '6B7KKZ3', 'NOTEBOOK', 'IN_USE', 'Leo Friosi Satorelo', 'br-votuporanga', 16, 500, 'SSD_SATA', 'Windows 11', 'I7 1165G7', '', 'LATITUDE 3420', 2023, 0, NULL, NULL, '2026-02-23T18:44:28Z', '2026-02-23T18:44:28Z');
INSERT INTO `assets` (`id`, `service_tag`, `equipment_type`, `status`, `employee_name`, `branch_id`, `ram_gb`, `storage_capacity_gb`, `storage_type`, `os`, `cpu`, `notes`, `model`, `year`, `is_training`, `warranty_start`, `warranty_end`, `created_at`, `updated_at`) VALUES ('3123453e-2ec4-4bb7-9680-129f4d25f958', '8L6JGR3', 'NOTEBOOK', 'IN_USE', 'Rubens Fernandes Coelho Junior', 'br-votuporanga', 8, 256, 'SSD_NVME', 'Windows 11', 'I5 1135i', '', 'VOSTRO 15 3510', 2021, 0, NULL, NULL, '2026-02-23T18:48:35Z', '2026-02-23T18:48:35Z');
INSERT INTO `assets` (`id`, `service_tag`, `equipment_type`, `status`, `employee_name`, `branch_id`, `ram_gb`, `storage_capacity_gb`, `storage_type`, `os`, `cpu`, `notes`, `model`, `year`, `is_training`, `warranty_start`, `warranty_end`, `created_at`, `updated_at`) VALUES ('2ac4661c-e7d0-4a0e-8293-440a7a6c0b55', 'J0K0SN3', 'NOTEBOOK', 'IN_USE', 'Tulio Henrique Gaspar Dos Santos', 'br-votuporanga', 8, 500, 'SSD_NVME', 'Windows 11', 'I5 1135', '', 'LATITUDE 3420', 2022, 0, NULL, NULL, '2026-02-23T18:51:05Z', '2026-02-23T18:51:05Z');
INSERT INTO `assets` (`id`, `service_tag`, `equipment_type`, `status`, `employee_name`, `branch_id`, `ram_gb`, `storage_capacity_gb`, `storage_type`, `os`, `cpu`, `notes`, `model`, `year`, `is_training`, `warranty_start`, `warranty_end`, `created_at`, `updated_at`) VALUES ('e4adeb1b-5d4f-40c4-8955-f3262050d032', 'FRWX6X3', 'NOTEBOOK', 'IN_USE', 'Samua Carneiro', 'br-votuporanga', 16, 500, 'SSD_SATA', 'Windows 11', 'I7 1165G7', '', 'LATITUDE 3420', 2023, 0, NULL, NULL, '2026-02-23T18:53:49Z', '2026-02-23T18:53:49Z');
INSERT INTO `assets` (`id`, `service_tag`, `equipment_type`, `status`, `employee_name`, `branch_id`, `ram_gb`, `storage_capacity_gb`, `storage_type`, `os`, `cpu`, `notes`, `model`, `year`, `is_training`, `warranty_start`, `warranty_end`, `created_at`, `updated_at`) VALUES ('fb1a095b-923c-41ab-832a-afb8c928451f', '6L6JGR3', 'NOTEBOOK', 'IN_USE', 'Gabriela Giretti Oliveira', 'br-votuporanga', 8, 256, 'SSD_NVME', 'Windows 11', 'I5 1135', '', 'VOSTRO 15 3510', 2022, 0, NULL, NULL, '2026-02-23T18:57:14Z', '2026-02-23T18:57:14Z');
INSERT INTO `assets` (`id`, `service_tag`, `equipment_type`, `status`, `employee_name`, `branch_id`, `ram_gb`, `storage_capacity_gb`, `storage_type`, `os`, `cpu`, `notes`, `model`, `year`, `is_training`, `warranty_start`, `warranty_end`, `created_at`, `updated_at`) VALUES ('5e0d9752-1d03-49c7-8ad8-0d7af31cc672', 'CZY40XM3', 'NOTEBOOK', 'IN_USE', 'Rogerio Malavazzi Sousa', 'br-votuporanga', 8, 256, 'SSD_NVME', 'Windows 11', 'I5 1035', '', 'VOSTRO 15 3510', 2022, 0, NULL, NULL, '2026-02-23T19:00:14Z', '2026-02-23T19:00:14Z');
INSERT INTO `assets` (`id`, `service_tag`, `equipment_type`, `status`, `employee_name`, `branch_id`, `ram_gb`, `storage_capacity_gb`, `storage_type`, `os`, `cpu`, `notes`, `model`, `year`, `is_training`, `warranty_start`, `warranty_end`, `created_at`, `updated_at`) VALUES ('83c19b57-eae2-4201-9846-f50f281cd897', 'FSWX6X3', 'NOTEBOOK', 'IN_USE', 'Thiago Morelatto Lopes (ALMOXARIFADO)', 'br-votuporanga', 16, 500, 'SSD_NVME', 'Windows 11', 'I7 1165G7', 'Maquina dividida entre colaboradores.', 'LATITUDE 3420', 2023, 0, NULL, NULL, '2026-02-23T19:04:29Z', '2026-02-23T19:09:17Z');
INSERT INTO `assets` (`id`, `service_tag`, `equipment_type`, `status`, `employee_name`, `branch_id`, `ram_gb`, `storage_capacity_gb`, `storage_type`, `os`, `cpu`, `notes`, `model`, `year`, `is_training`, `warranty_start`, `warranty_end`, `created_at`, `updated_at`) VALUES ('bfc1583a-da00-427b-a2fc-a2e74ff0b388', '3D7KKZ3', 'NOTEBOOK', 'IN_USE', 'Loyanna Barros Pereira', 'br-votuporanga', 16, 500, 'SSD_NVME', 'Windows 11', 'I7 1165G7', '', 'LATITUDE 3420', 2024, 0, NULL, NULL, '2026-02-23T19:14:40Z', '2026-02-23T19:14:40Z');
INSERT INTO `assets` (`id`, `service_tag`, `equipment_type`, `status`, `employee_name`, `branch_id`, `ram_gb`, `storage_capacity_gb`, `storage_type`, `os`, `cpu`, `notes`, `model`, `year`, `is_training`, `warranty_start`, `warranty_end`, `created_at`, `updated_at`) VALUES ('abec6b5d-7b30-47e0-a1ea-cdb1c82fed6d', 'F97KKZ3', 'NOTEBOOK', 'IN_USE', 'Evandro Gleiser de Souza Cevada', 'br-votuporanga', 16, 500, 'SSD_NVME', 'Windows 11', 'I7 1165G7', '', 'LATITUDE 3420', 2023, 0, NULL, NULL, '2026-02-23T19:17:06Z', '2026-02-23T19:17:06Z');
INSERT INTO `assets` (`id`, `service_tag`, `equipment_type`, `status`, `employee_name`, `branch_id`, `ram_gb`, `storage_capacity_gb`, `storage_type`, `os`, `cpu`, `notes`, `model`, `year`, `is_training`, `warranty_start`, `warranty_end`, `created_at`, `updated_at`) VALUES ('c3547df0-3cde-4641-9c18-b6b4cc6b3455', '408SGR3', 'NOTEBOOK', 'IN_USE', 'Allan Rodrigo Queiroz Lourenço', 'br-votuporanga', 12, 500, 'SSD_NVME', 'Windows 11', 'I5 1135', '', 'LATITUDE 3420', 2024, 0, NULL, NULL, '2026-02-23T19:20:51Z', '2026-02-23T19:20:51Z');
INSERT INTO `assets` (`id`, `service_tag`, `equipment_type`, `status`, `employee_name`, `branch_id`, `ram_gb`, `storage_capacity_gb`, `storage_type`, `os`, `cpu`, `notes`, `model`, `year`, `is_training`, `warranty_start`, `warranty_end`, `created_at`, `updated_at`) VALUES ('bef6b65d-8a43-4a39-a580-4bd20374ce0b', 'C7WRHJ2', 'NOTEBOOK', 'IN_USE', 'COMPUTADOR TREINAMENTO.', 'br-votuporanga', 8, 500, 'HDD', 'Windows 10', 'I5 6500', 'Esta no windows 10 precisa formatar.', 'OPTIPLEX 3040 SMALL FORM FACTOR', 2017, 0, NULL, NULL, '2026-02-23T19:40:02Z', '2026-02-23T19:40:02Z');
INSERT INTO `assets` (`id`, `service_tag`, `equipment_type`, `status`, `employee_name`, `branch_id`, `ram_gb`, `storage_capacity_gb`, `storage_type`, `os`, `cpu`, `notes`, `model`, `year`, `is_training`, `warranty_start`, `warranty_end`, `created_at`, `updated_at`) VALUES ('8c217075-619e-411a-9004-5b08c1c306d7', '8L1KC64', 'NOTEBOOK', 'IN_USE', 'Renne Willy mattar', 'br-votuporanga', 16, 500, 'SSD_NVME', 'Windows 11', 'I7 1365G7', '', 'LATITUDE 3550', 2024, 0, NULL, NULL, '2026-02-23T19:44:32Z', '2026-02-23T19:44:32Z');
INSERT INTO `assets` (`id`, `service_tag`, `equipment_type`, `status`, `employee_name`, `branch_id`, `ram_gb`, `storage_capacity_gb`, `storage_type`, `os`, `cpu`, `notes`, `model`, `year`, `is_training`, `warranty_start`, `warranty_end`, `created_at`, `updated_at`) VALUES ('aeb57ae7-04cd-442c-8361-935cdc925c22', 'JNSXQ54', 'NOTEBOOK', 'IN_USE', 'Milena Jéssica Diniz', 'br-votuporanga', 8, 256, 'SSD_NVME', 'Windows 11', 'I5 1235', '', 'LATITUDE 3530', 2024, 0, NULL, NULL, '2026-02-23T19:48:12Z', '2026-02-23T19:48:12Z');
INSERT INTO `assets` (`id`, `service_tag`, `equipment_type`, `status`, `employee_name`, `branch_id`, `ram_gb`, `storage_capacity_gb`, `storage_type`, `os`, `cpu`, `notes`, `model`, `year`, `is_training`, `warranty_start`, `warranty_end`, `created_at`, `updated_at`) VALUES ('c21809b5-392b-4520-93e9-8be028326b58', '7DHKGR3', 'NOTEBOOK', 'IN_USE', 'Jessica Cunha dos Santos', 'br-votuporanga', 8, 256, 'SSD_NVME', 'Windows 11', 'I5 1135', '', 'LATITUDE 3420', 2022, 0, NULL, NULL, '2026-02-23T19:52:02Z', '2026-02-23T19:52:02Z');
INSERT INTO `assets` (`id`, `service_tag`, `equipment_type`, `status`, `employee_name`, `branch_id`, `ram_gb`, `storage_capacity_gb`, `storage_type`, `os`, `cpu`, `notes`, `model`, `year`, `is_training`, `warranty_start`, `warranty_end`, `created_at`, `updated_at`) VALUES ('ee7da30b-ce34-4adc-a4d3-f7d97c7dd6a6', '87JBZS3', 'NOTEBOOK', 'IN_USE', 'Nelson Ribeiro da Costa Silva', 'br-riopreto', 32, 500, 'SSD_NVME', 'Windows 11', 'I5 1135', '', 'LATITUDE 3420', 2022, 0, NULL, NULL, '2026-02-24T11:19:31Z', '2026-02-24T11:19:31Z');
INSERT INTO `assets` (`id`, `service_tag`, `equipment_type`, `status`, `employee_name`, `branch_id`, `ram_gb`, `storage_capacity_gb`, `storage_type`, `os`, `cpu`, `notes`, `model`, `year`, `is_training`, `warranty_start`, `warranty_end`, `created_at`, `updated_at`) VALUES ('2f8fbe63-cbe7-4995-a6f7-9bb01b096f5e', '7M3K1M3', 'NOTEBOOK', 'IN_USE', 'Thaisa Marta dos Santos', 'br-riopreto', 8, 256, 'SSD_NVME', 'Windows 11', 'I7 1165G7', '', 'VOSTRO 3400', 2022, 0, NULL, NULL, '2026-02-24T11:21:31Z', '2026-02-24T11:21:31Z');
INSERT INTO `assets` (`id`, `service_tag`, `equipment_type`, `status`, `employee_name`, `branch_id`, `ram_gb`, `storage_capacity_gb`, `storage_type`, `os`, `cpu`, `notes`, `model`, `year`, `is_training`, `warranty_start`, `warranty_end`, `created_at`, `updated_at`) VALUES ('99964c79-62a3-4e98-a1a7-7baecf0b97a9', '3MPCGR3', 'NOTEBOOK', 'IN_USE', 'Rafaela Marta da Silva Assunção', 'br-riopreto', 16, 500, 'SSD_NVME', 'Windows 11', 'I7 11', '', 'VOSTRO 15 5510', 2023, 0, NULL, NULL, '2026-02-24T11:24:10Z', '2026-02-24T11:24:10Z');
INSERT INTO `assets` (`id`, `service_tag`, `equipment_type`, `status`, `employee_name`, `branch_id`, `ram_gb`, `storage_capacity_gb`, `storage_type`, `os`, `cpu`, `notes`, `model`, `year`, `is_training`, `warranty_start`, `warranty_end`, `created_at`, `updated_at`) VALUES ('051f0d52-c91c-400a-92d1-96e751e56ea4', 'HT5HYP3', 'NOTEBOOK', 'IN_USE', 'Silmara Regina Garcia Ferrari', 'br-riopreto', 16, 256, 'SSD_NVME', 'Windows 11', 'I5 1165', '', ' VOSTRO 15 3510', 2022, 0, NULL, NULL, '2026-02-24T11:27:01Z', '2026-02-24T11:27:01Z');
INSERT INTO `assets` (`id`, `service_tag`, `equipment_type`, `status`, `employee_name`, `branch_id`, `ram_gb`, `storage_capacity_gb`, `storage_type`, `os`, `cpu`, `notes`, `model`, `year`, `is_training`, `warranty_start`, `warranty_end`, `created_at`, `updated_at`) VALUES ('4539b778-2d7f-44e4-b903-d4dd90e7c579', 'DG222L3', 'NOTEBOOK', 'IN_USE', 'WILQUER DA SILVA PAULA', 'br-riopreto', 8, 256, 'SSD_NVME', 'Windows 11', 'I5 1035', '', ' VOSTRO 3401', 2022, 0, NULL, NULL, '2026-02-24T11:29:48Z', '2026-02-24T11:29:48Z');
INSERT INTO `assets` (`id`, `service_tag`, `equipment_type`, `status`, `employee_name`, `branch_id`, `ram_gb`, `storage_capacity_gb`, `storage_type`, `os`, `cpu`, `notes`, `model`, `year`, `is_training`, `warranty_start`, `warranty_end`, `created_at`, `updated_at`) VALUES ('ab8be615-179d-485d-a0ef-116076b1d147', 'BLYQL43', 'NOTEBOOK', 'IN_USE', 'Dayeny Bruna Da Silva', 'br-riopreto', 8, 256, 'SSD_NVME', 'Windows 11', 'I5 8265', '', 'VOSTRO 3583', 2020, 0, NULL, NULL, '2026-02-24T11:32:00Z', '2026-02-24T11:32:00Z');
INSERT INTO `assets` (`id`, `service_tag`, `equipment_type`, `status`, `employee_name`, `branch_id`, `ram_gb`, `storage_capacity_gb`, `storage_type`, `os`, `cpu`, `notes`, `model`, `year`, `is_training`, `warranty_start`, `warranty_end`, `created_at`, `updated_at`) VALUES ('f884fb93-2c58-45b4-874f-74fcd4c0d9be', '67JBZS3', 'NOTEBOOK', 'IN_USE', 'Wanessa Freitas', 'br-riopreto', 8, 500, 'SSD_NVME', 'Windows 11', 'I5 1135', '', 'LATITUDE 3420', 2024, 0, NULL, NULL, '2026-02-24T11:33:54Z', '2026-02-24T11:33:54Z');
INSERT INTO `assets` (`id`, `service_tag`, `equipment_type`, `status`, `employee_name`, `branch_id`, `ram_gb`, `storage_capacity_gb`, `storage_type`, `os`, `cpu`, `notes`, `model`, `year`, `is_training`, `warranty_start`, `warranty_end`, `created_at`, `updated_at`) VALUES ('2667ba7e-d12b-4eca-925a-3ee5b17392f3', '6NJDPZ2', 'NOTEBOOK', 'IN_USE', 'Ester Santana', 'br-riopreto', 8, 256, 'SSD_NVME', 'Windows 11', 'I5 8265', '', 'LATITUDE 3480', 2019, 0, NULL, NULL, '2026-02-24T11:36:03Z', '2026-02-24T11:36:03Z');
INSERT INTO `assets` (`id`, `service_tag`, `equipment_type`, `status`, `employee_name`, `branch_id`, `ram_gb`, `storage_capacity_gb`, `storage_type`, `os`, `cpu`, `notes`, `model`, `year`, `is_training`, `warranty_start`, `warranty_end`, `created_at`, `updated_at`) VALUES ('3172f088-f57e-478c-af22-32c57d9336e3', '3PSXQ54', 'NOTEBOOK', 'IN_USE', 'Amanda Cristina Feltrin', 'br-riopreto', 8, 256, 'SSD_NVME', 'Windows 11', 'I5 1235U', 'Notebook com a service tag incorreta esta com a tag 34967t12', 'LATITUDE 3540', 2024, 0, NULL, NULL, '2026-02-24T11:39:42Z', '2026-02-24T11:39:42Z');
INSERT INTO `assets` (`id`, `service_tag`, `equipment_type`, `status`, `employee_name`, `branch_id`, `ram_gb`, `storage_capacity_gb`, `storage_type`, `os`, `cpu`, `notes`, `model`, `year`, `is_training`, `warranty_start`, `warranty_end`, `created_at`, `updated_at`) VALUES ('39d61c56-76d0-464e-95ed-b402c0808fcd', 'F7JBZS3', 'NOTEBOOK', 'IN_USE', 'Michele', 'br-riopreto', 8, 500, 'SSD_NVME', 'Windows 11', 'I5 1135', '', 'LATITUDE 3420', 2022, 0, NULL, NULL, '2026-02-24T11:41:46Z', '2026-02-24T11:44:26Z');
INSERT INTO `assets` (`id`, `service_tag`, `equipment_type`, `status`, `employee_name`, `branch_id`, `ram_gb`, `storage_capacity_gb`, `storage_type`, `os`, `cpu`, `notes`, `model`, `year`, `is_training`, `warranty_start`, `warranty_end`, `created_at`, `updated_at`) VALUES ('6052080b-03d6-4466-beb3-c3a1e89af59a', '6P3K1M3', 'NOTEBOOK', 'IN_USE', 'Marcela Racanelli da Silva', 'br-riopreto', 8, 256, 'SSD_NVME', 'Windows 11', 'I7 1165G7', '', 'VOSTRO 3400', 2022, 0, NULL, NULL, '2026-02-24T11:43:54Z', '2026-02-24T11:43:54Z');
INSERT INTO `assets` (`id`, `service_tag`, `equipment_type`, `status`, `employee_name`, `branch_id`, `ram_gb`, `storage_capacity_gb`, `storage_type`, `os`, `cpu`, `notes`, `model`, `year`, `is_training`, `warranty_start`, `warranty_end`, `created_at`, `updated_at`) VALUES ('095e4153-c6bf-4d8a-b9ff-c119224692f8', '2B7KKZ3', 'NOTEBOOK', 'IN_USE', 'Juliana Pereira Laureano', 'br-riopreto', 16, 500, 'SSD_NVME', 'Windows 11', 'I7 1165G7', '', 'LATITUDE 3420', 2023, 0, NULL, NULL, '2026-02-24T11:45:56Z', '2026-02-24T11:45:56Z');
INSERT INTO `assets` (`id`, `service_tag`, `equipment_type`, `status`, `employee_name`, `branch_id`, `ram_gb`, `storage_capacity_gb`, `storage_type`, `os`, `cpu`, `notes`, `model`, `year`, `is_training`, `warranty_start`, `warranty_end`, `created_at`, `updated_at`) VALUES ('5de2725b-c97d-4149-ba3c-7bc9b1fd26cf', 'FG222L3', 'NOTEBOOK', 'IN_USE', 'Lorelaine Ribeiro', 'br-riopreto', 8, 256, 'SSD_NVME', 'Windows 11', 'I5 1035', '', 'VOSTRO 3401', 2021, 0, NULL, NULL, '2026-02-24T11:47:21Z', '2026-02-24T11:47:53Z');
INSERT INTO `assets` (`id`, `service_tag`, `equipment_type`, `status`, `employee_name`, `branch_id`, `ram_gb`, `storage_capacity_gb`, `storage_type`, `os`, `cpu`, `notes`, `model`, `year`, `is_training`, `warranty_start`, `warranty_end`, `created_at`, `updated_at`) VALUES ('d4e144eb-823d-4449-8fa2-259b50cd7da9', '3SWX6X3', 'NOTEBOOK', 'IN_USE', 'Lorena Miranda Tavares', 'br-riopreto', 16, 500, 'SSD_NVME', 'Windows 11', 'I7 1165G7', '', 'LATITUDE 3420', 2023, 0, NULL, NULL, '2026-02-24T11:49:22Z', '2026-02-24T11:49:22Z');
INSERT INTO `assets` (`id`, `service_tag`, `equipment_type`, `status`, `employee_name`, `branch_id`, `ram_gb`, `storage_capacity_gb`, `storage_type`, `os`, `cpu`, `notes`, `model`, `year`, `is_training`, `warranty_start`, `warranty_end`, `created_at`, `updated_at`) VALUES ('2cced4e3-4975-42eb-800e-39e8a2f86049', 'FYYNJB4', 'NOTEBOOK', 'IN_USE', 'Andreia Pereira Carvalho', 'br-riopreto', 16, 500, 'SSD_NVME', 'Windows 11', 'I7 1365G7', '', 'LATITUDE 3550', 2026, 0, NULL, NULL, '2026-02-24T11:53:50Z', '2026-02-24T11:53:50Z');
INSERT INTO `assets` (`id`, `service_tag`, `equipment_type`, `status`, `employee_name`, `branch_id`, `ram_gb`, `storage_capacity_gb`, `storage_type`, `os`, `cpu`, `notes`, `model`, `year`, `is_training`, `warranty_start`, `warranty_end`, `created_at`, `updated_at`) VALUES ('c7b1be07-e6da-48c7-962f-68078d26d2a6', '8SWX6X3', 'NOTEBOOK', 'IN_USE', 'Larissa Helena Tatanjo', 'br-riopreto', 16, 500, 'SSD_NVME', 'Windows 11', 'I5 1165', '', 'LATITUDE 3420', 2023, 0, NULL, NULL, '2026-02-24T11:56:01Z', '2026-02-24T11:56:01Z');
INSERT INTO `assets` (`id`, `service_tag`, `equipment_type`, `status`, `employee_name`, `branch_id`, `ram_gb`, `storage_capacity_gb`, `storage_type`, `os`, `cpu`, `notes`, `model`, `year`, `is_training`, `warranty_start`, `warranty_end`, `created_at`, `updated_at`) VALUES ('26e1fd0d-6342-4556-a137-1afd8c25a5d7', 'HYY4XM3', 'NOTEBOOK', 'IN_USE', 'Camila Sancanari', 'br-riopreto', 16, 256, 'SSD_NVME', 'Windows 11', 'I5 1035', '', 'VOSTRO 15 3510', 2022, 0, NULL, NULL, '2026-02-24T11:58:25Z', '2026-02-24T11:58:25Z');
INSERT INTO `assets` (`id`, `service_tag`, `equipment_type`, `status`, `employee_name`, `branch_id`, `ram_gb`, `storage_capacity_gb`, `storage_type`, `os`, `cpu`, `notes`, `model`, `year`, `is_training`, `warranty_start`, `warranty_end`, `created_at`, `updated_at`) VALUES ('77aec4b3-9fb5-4d92-a528-6c27bfabe399', '7L1KC64', 'NOTEBOOK', 'IN_USE', 'Leonardo Dias Rego', 'br-riopreto', 16, 500, 'SSD_NVME', 'Windows 11', 'I7 1355U', '', 'LATITUDE 3550', 2024, 0, NULL, NULL, '2026-02-24T12:00:56Z', '2026-02-24T12:00:56Z');
INSERT INTO `assets` (`id`, `service_tag`, `equipment_type`, `status`, `employee_name`, `branch_id`, `ram_gb`, `storage_capacity_gb`, `storage_type`, `os`, `cpu`, `notes`, `model`, `year`, `is_training`, `warranty_start`, `warranty_end`, `created_at`, `updated_at`) VALUES ('ba8fe281-05ed-4304-b403-87159eef7c93', '9L1KC64', 'NOTEBOOK', 'IN_USE', 'Joao Victo Luz de Jesus', 'br-riopreto', 16, 500, 'SSD_NVME', 'Windows 11', 'I7 1365G7', '', 'LATITUDE 3550', 2024, 0, NULL, NULL, '2026-02-24T12:04:04Z', '2026-02-24T12:04:04Z');
INSERT INTO `assets` (`id`, `service_tag`, `equipment_type`, `status`, `employee_name`, `branch_id`, `ram_gb`, `storage_capacity_gb`, `storage_type`, `os`, `cpu`, `notes`, `model`, `year`, `is_training`, `warranty_start`, `warranty_end`, `created_at`, `updated_at`) VALUES ('760536bb-c18b-47f5-a25d-2b7d1dc762c2', '48JBZS3', 'NOTEBOOK', 'IN_USE', 'Micael Junior Sonsiane', 'br-riopreto', 16, 500, 'SSD_NVME', 'Windows 11', 'I5 1135', '', 'LATITUDE 3420', 2022, 0, NULL, NULL, '2026-02-24T12:05:52Z', '2026-02-24T12:05:52Z');
INSERT INTO `assets` (`id`, `service_tag`, `equipment_type`, `status`, `employee_name`, `branch_id`, `ram_gb`, `storage_capacity_gb`, `storage_type`, `os`, `cpu`, `notes`, `model`, `year`, `is_training`, `warranty_start`, `warranty_end`, `created_at`, `updated_at`) VALUES ('3b068fc3-b07d-4df3-b8c6-5ada09d6789b', '208SGR3', 'NOTEBOOK', 'IN_USE', 'Rafael Silva Ladeia Filho', 'br-riopreto', 16, 500, 'SSD_NVME', 'Windows 11', 'I5 1135', '', 'LATITUDE 3420', 2022, 0, NULL, NULL, '2026-02-24T12:07:33Z', '2026-02-24T12:07:33Z');
INSERT INTO `assets` (`id`, `service_tag`, `equipment_type`, `status`, `employee_name`, `branch_id`, `ram_gb`, `storage_capacity_gb`, `storage_type`, `os`, `cpu`, `notes`, `model`, `year`, `is_training`, `warranty_start`, `warranty_end`, `created_at`, `updated_at`) VALUES ('73ae6562-b165-45f1-bfae-d671dd95860a', 'BT0B064', 'NOTEBOOK', 'IN_USE', 'Joa Gabriel de Arruda', 'br-riopreto', 16, 500, 'SSD_NVME', 'Windows 11', 'I7 1365G7', '', 'LATITUDE 3550', 2024, 0, NULL, NULL, '2026-02-24T12:09:28Z', '2026-02-24T12:09:28Z');
INSERT INTO `assets` (`id`, `service_tag`, `equipment_type`, `status`, `employee_name`, `branch_id`, `ram_gb`, `storage_capacity_gb`, `storage_type`, `os`, `cpu`, `notes`, `model`, `year`, `is_training`, `warranty_start`, `warranty_end`, `created_at`, `updated_at`) VALUES ('1562f3db-65b1-4642-bd06-bb8ff349b6c6', '4C7KKZ3', 'NOTEBOOK', 'IN_USE', 'Beatriz Helena Silva Marinho', 'br-riopreto', 16, 500, 'SSD_NVME', 'Windows 11', 'I7 1165G7', '', 'LATITUDE 3420', 2025, 0, NULL, NULL, '2026-02-24T12:12:27Z', '2026-02-24T12:12:27Z');
INSERT INTO `assets` (`id`, `service_tag`, `equipment_type`, `status`, `employee_name`, `branch_id`, `ram_gb`, `storage_capacity_gb`, `storage_type`, `os`, `cpu`, `notes`, `model`, `year`, `is_training`, `warranty_start`, `warranty_end`, `created_at`, `updated_at`) VALUES ('6212bf14-0698-41d9-b514-588957a0ac2a', 'GD7KKZ3', 'NOTEBOOK', 'IN_USE', 'Mariana Cordeiro', 'br-riopreto', 16, 500, 'SSD_NVME', 'Windows 11', 'I7 1165', '', 'LATITUDE 3420', 2023, 0, NULL, NULL, '2026-02-24T12:14:46Z', '2026-02-24T12:14:46Z');
INSERT INTO `assets` (`id`, `service_tag`, `equipment_type`, `status`, `employee_name`, `branch_id`, `ram_gb`, `storage_capacity_gb`, `storage_type`, `os`, `cpu`, `notes`, `model`, `year`, `is_training`, `warranty_start`, `warranty_end`, `created_at`, `updated_at`) VALUES ('76760273-b61b-41f5-b914-7964de939323', 'BSWX6X3', 'NOTEBOOK', 'IN_USE', 'Gabriel Augusto Esperidiao', 'br-riopreto', 16, 500, 'SSD_NVME', 'Windows 11', 'I7 1165G7', '', 'LATITUDE 3420', 2023, 0, NULL, NULL, '2026-02-24T12:18:48Z', '2026-02-24T12:18:48Z');
INSERT INTO `assets` (`id`, `service_tag`, `equipment_type`, `status`, `employee_name`, `branch_id`, `ram_gb`, `storage_capacity_gb`, `storage_type`, `os`, `cpu`, `notes`, `model`, `year`, `is_training`, `warranty_start`, `warranty_end`, `created_at`, `updated_at`) VALUES ('0ee489d5-1a2c-42ff-bba6-8edcc690fba7', 'DL6JGR3', 'NOTEBOOK', 'IN_USE', 'Eder Paulo Alves', 'br-riopreto', 8, 256, 'SSD_NVME', 'Windows 11', 'I5 1135', '', 'LATITUDE 15 3510', 2024, 0, NULL, NULL, '2026-02-24T12:22:41Z', '2026-02-24T12:22:41Z');
INSERT INTO `assets` (`id`, `service_tag`, `equipment_type`, `status`, `employee_name`, `branch_id`, `ram_gb`, `storage_capacity_gb`, `storage_type`, `os`, `cpu`, `notes`, `model`, `year`, `is_training`, `warranty_start`, `warranty_end`, `created_at`, `updated_at`) VALUES ('1d9008d6-0dab-4b3a-bda8-1789b0bfa14b', 'DC7KKZ3', 'NOTEBOOK', 'IN_USE', 'Lucas Sampaio Kfouri', 'br-riopreto', 16, 500, 'SSD_NVME', 'Windows 11', 'I7 1165G7', '', 'LATITUDE 3420', 2025, 0, NULL, NULL, '2026-02-24T12:24:58Z', '2026-02-24T12:24:58Z');
INSERT INTO `assets` (`id`, `service_tag`, `equipment_type`, `status`, `employee_name`, `branch_id`, `ram_gb`, `storage_capacity_gb`, `storage_type`, `os`, `cpu`, `notes`, `model`, `year`, `is_training`, `warranty_start`, `warranty_end`, `created_at`, `updated_at`) VALUES ('839f2005-f4ae-43e9-a52b-241c6a6224d0', '11PF5G3', 'NOTEBOOK', 'IN_USE', 'Rafael Neves Theodoro (NOTEBOOK ALMOXARIFADO)', 'br-riopreto', 8, 256, 'SSD_NVME', 'Windows 11', 'I5 1135', '', 'VOSTRO 3400', 2021, 0, NULL, NULL, '2026-02-24T12:28:06Z', '2026-02-24T12:28:06Z');
INSERT INTO `assets` (`id`, `service_tag`, `equipment_type`, `status`, `employee_name`, `branch_id`, `ram_gb`, `storage_capacity_gb`, `storage_type`, `os`, `cpu`, `notes`, `model`, `year`, `is_training`, `warranty_start`, `warranty_end`, `created_at`, `updated_at`) VALUES ('a067bae1-7135-4620-be24-80f28ec16267', '8C7KKZ3', 'NOTEBOOK', 'IN_USE', 'Pedro henrique da Costa (NOTEBOOK ALMOXARIFADO)', 'br-riopreto', 16, 500, 'SSD_NVME', 'Windows 11', 'I7 1165G7', '', 'LATITUDE 3420', 2024, 0, NULL, NULL, '2026-02-24T12:29:39Z', '2026-02-24T12:30:25Z');
INSERT INTO `assets` (`id`, `service_tag`, `equipment_type`, `status`, `employee_name`, `branch_id`, `ram_gb`, `storage_capacity_gb`, `storage_type`, `os`, `cpu`, `notes`, `model`, `year`, `is_training`, `warranty_start`, `warranty_end`, `created_at`, `updated_at`) VALUES ('aa7e799a-64ce-4d5e-94d2-ddaa1128e614', '2C7KKZ3', 'NOTEBOOK', 'IN_USE', 'Angela Ferreira da Costa (NOTEBOOK ALMOXARIFADO)', 'br-riopreto', 16, 500, 'SSD_NVME', 'Windows 11', 'I7 1165G7', '', 'LATITUDE 3420', 2024, 0, NULL, NULL, '2026-02-24T12:31:42Z', '2026-02-24T12:32:03Z');
INSERT INTO `assets` (`id`, `service_tag`, `equipment_type`, `status`, `employee_name`, `branch_id`, `ram_gb`, `storage_capacity_gb`, `storage_type`, `os`, `cpu`, `notes`, `model`, `year`, `is_training`, `warranty_start`, `warranty_end`, `created_at`, `updated_at`) VALUES ('b3b6b6be-b1a3-4c99-a946-99008c042c81', '38JBZS3', 'NOTEBOOK', 'IN_USE', 'Alessandro Cesar Lacruz', 'br-riopreto', 8, 500, 'SSD_NVME', 'Windows 11', 'I5 1135', '', 'LATITUDE 3420', 2022, 0, NULL, NULL, '2026-02-24T12:45:12Z', '2026-02-24T12:45:12Z');
INSERT INTO `assets` (`id`, `service_tag`, `equipment_type`, `status`, `employee_name`, `branch_id`, `ram_gb`, `storage_capacity_gb`, `storage_type`, `os`, `cpu`, `notes`, `model`, `year`, `is_training`, `warranty_start`, `warranty_end`, `created_at`, `updated_at`) VALUES ('95cf58fd-8b87-4fc9-a6b5-bee99d70b0b7', '6M3K1M3', 'NOTEBOOK', 'IN_USE', 'INTEGRAÇÃO (RIO PRETO)', 'br-riopreto', 8, 256, 'SSD_NVME', 'Windows 11', 'I7 1165G7', '', 'VOSTRO 3400', 2022, 0, NULL, NULL, '2026-02-24T12:49:59Z', '2026-02-24T12:49:59Z');
INSERT INTO `assets` (`id`, `service_tag`, `equipment_type`, `status`, `employee_name`, `branch_id`, `ram_gb`, `storage_capacity_gb`, `storage_type`, `os`, `cpu`, `notes`, `model`, `year`, `is_training`, `warranty_start`, `warranty_end`, `created_at`, `updated_at`) VALUES ('7c64426d-db40-4d94-9a96-ca22cf37901c', '4CKWQ23', 'NOTEBOOK', 'IN_USE', 'Joao Eduardo Alves Rodrigues', 'br-riopreto', 16, 500, 'SSD_NVME', 'Windows 11', 'I7 8565', '', 'INSPRIRON 7580', 2020, 0, NULL, NULL, '2026-02-24T12:56:05Z', '2026-02-24T12:56:05Z');
INSERT INTO `assets` (`id`, `service_tag`, `equipment_type`, `status`, `employee_name`, `branch_id`, `ram_gb`, `storage_capacity_gb`, `storage_type`, `os`, `cpu`, `notes`, `model`, `year`, `is_training`, `warranty_start`, `warranty_end`, `created_at`, `updated_at`) VALUES ('f4a4e0bc-f5fa-4f28-bcd0-70c48c670dd9', '57JBZS3', 'NOTEBOOK', 'IN_USE', 'Vinicius de Lima Santana', 'br-votuporanga', 8, 500, 'SSD_SATA', 'Windows 11', 'I5 1135', '', 'LATITUDE 3420', 2022, 0, NULL, NULL, '2026-02-24T13:10:56Z', '2026-02-24T13:10:56Z');
INSERT INTO `assets` (`id`, `service_tag`, `equipment_type`, `status`, `employee_name`, `branch_id`, `ram_gb`, `storage_capacity_gb`, `storage_type`, `os`, `cpu`, `notes`, `model`, `year`, `is_training`, `warranty_start`, `warranty_end`, `created_at`, `updated_at`) VALUES ('10dd425d-5ebb-4ce6-8156-65204e0a7516', 'J4ZCJ64', 'NOTEBOOK', 'IN_USE', 'Ana Carolina Pereira', 'br-riopreto', 16, 500, 'SSD_NVME', 'Windows 11', 'I7 1355U', '', 'LATITUDE 3550', 2024, 0, NULL, NULL, '2026-02-24T15:04:36Z', '2026-02-24T15:04:36Z');
INSERT INTO `assets` (`id`, `service_tag`, `equipment_type`, `status`, `employee_name`, `branch_id`, `ram_gb`, `storage_capacity_gb`, `storage_type`, `os`, `cpu`, `notes`, `model`, `year`, `is_training`, `warranty_start`, `warranty_end`, `created_at`, `updated_at`) VALUES ('55f38814-a575-4172-9154-be7ecfaaea24', 'DYYNJB4', 'NOTEBOOK', 'IN_USE', 'Neto Prado', 'br-riopreto', 16, 500, 'SSD_NVME', 'Windows 11', 'I7 1365G7', '', 'LATITUDE 3550', 2025, 0, NULL, NULL, '2026-02-24T16:56:48Z', '2026-02-24T16:56:48Z');
INSERT INTO `assets` (`id`, `service_tag`, `equipment_type`, `status`, `employee_name`, `branch_id`, `ram_gb`, `storage_capacity_gb`, `storage_type`, `os`, `cpu`, `notes`, `model`, `year`, `is_training`, `warranty_start`, `warranty_end`, `created_at`, `updated_at`) VALUES ('68d1c76f-1f4e-4c02-a1d5-0ad0a0e2edb0', '21PF5G3', 'NOTEBOOK', 'IN_USE', 'Leonardo Barco', 'br-bebedouro', 8, 500, 'SSD_NVME', 'Windows 11', 'I5 1135', '', 'VOSTRO 3400', 2023, 0, NULL, NULL, '2026-02-25T17:58:30Z', '2026-02-25T17:58:30Z');
INSERT INTO `assets` (`id`, `service_tag`, `equipment_type`, `status`, `employee_name`, `branch_id`, `ram_gb`, `storage_capacity_gb`, `storage_type`, `os`, `cpu`, `notes`, `model`, `year`, `is_training`, `warranty_start`, `warranty_end`, `created_at`, `updated_at`) VALUES ('1c7575fe-f9ca-487c-bb2a-2682d4557d15', 'H97KKZ3', 'NOTEBOOK', 'IN_USE', 'Jucemar Covre', 'br-jales', 16, 500, 'SSD_NVME', 'Windows 11', 'I7 1165G7', '', 'LATITUDE 3420', 2023, 0, NULL, NULL, '2026-02-25T18:20:07Z', '2026-02-25T18:20:07Z');
INSERT INTO `assets` (`id`, `service_tag`, `equipment_type`, `status`, `employee_name`, `branch_id`, `ram_gb`, `storage_capacity_gb`, `storage_type`, `os`, `cpu`, `notes`, `model`, `year`, `is_training`, `warranty_start`, `warranty_end`, `created_at`, `updated_at`) VALUES ('3067997b-7716-469d-ab27-57f482b78531', 'JD7KKZ3', 'NOTEBOOK', 'IN_USE', 'Artur Henrique', 'br-votuporanga', 8, 500, 'SSD_NVME', 'Windows 11', 'I7 1165G7', '', 'LATITUDE 3420', 2023, 0, NULL, NULL, '2026-02-26T12:18:10Z', '2026-02-26T12:18:10Z');
INSERT INTO `assets` (`id`, `service_tag`, `equipment_type`, `status`, `employee_name`, `branch_id`, `ram_gb`, `storage_capacity_gb`, `storage_type`, `os`, `cpu`, `notes`, `model`, `year`, `is_training`, `warranty_start`, `warranty_end`, `created_at`, `updated_at`) VALUES ('32e8183b-8ccc-4983-8362-ed7964b4e545', 'BC4RN34', 'NOTEBOOK', 'IN_USE', 'Mailon Henrique Monteiro', 'br-jales', 8, 256, 'SSD_NVME', 'Windows 11', 'I5 1235U', '', 'LATITUDE 3440', 2022, 0, NULL, NULL, '2026-02-26T14:00:04Z', '2026-02-26T14:00:04Z');
INSERT INTO `assets` (`id`, `service_tag`, `equipment_type`, `status`, `employee_name`, `branch_id`, `ram_gb`, `storage_capacity_gb`, `storage_type`, `os`, `cpu`, `notes`, `model`, `year`, `is_training`, `warranty_start`, `warranty_end`, `created_at`, `updated_at`) VALUES ('3cc273ab-9d85-4963-b8f7-27c3fe893408', 'BRJ820RHKG', 'NOTEBOOK', 'IN_USE', 'João Macelo R', 'br-jales', 8, 256, 'SSD_NVME', 'Windows 11', 'I5 7200', 'É PRECISO VERIFICAR O ANO POIS SE TRATA DE UM NOTEBOOK DA HP ', 'HP 240 ', 2018, 0, NULL, NULL, '2026-02-26T14:05:21Z', '2026-02-26T14:05:21Z');
INSERT INTO `assets` (`id`, `service_tag`, `equipment_type`, `status`, `employee_name`, `branch_id`, `ram_gb`, `storage_capacity_gb`, `storage_type`, `os`, `cpu`, `notes`, `model`, `year`, `is_training`, `warranty_start`, `warranty_end`, `created_at`, `updated_at`) VALUES ('ce400caf-b59c-41ab-9478-59bc60d83136', 'BB7KKZ3', 'NOTEBOOK', 'IN_USE', 'Willian Ribeiro de lima', 'br-jales', 16, 500, 'SSD_NVME', 'Windows 11', 'I7 1165G7', '', 'LATITUDE 3420', 2023, 0, NULL, NULL, '2026-02-26T14:06:35Z', '2026-02-26T14:06:35Z');
INSERT INTO `assets` (`id`, `service_tag`, `equipment_type`, `status`, `employee_name`, `branch_id`, `ram_gb`, `storage_capacity_gb`, `storage_type`, `os`, `cpu`, `notes`, `model`, `year`, `is_training`, `warranty_start`, `warranty_end`, `created_at`, `updated_at`) VALUES ('f43f49d2-c09c-4ba8-8cda-8a335675cd9a', '4B7KKZ3', 'NOTEBOOK', 'IN_USE', 'Milton Venancio de Paula Filho', 'br-jales', 16, 500, 'SSD_NVME', 'Windows 11', 'I7 1165G7', '', 'LATITUDE 3420', 2023, 0, NULL, NULL, '2026-02-26T18:04:19Z', '2026-02-26T18:04:19Z');
INSERT INTO `assets` (`id`, `service_tag`, `equipment_type`, `status`, `employee_name`, `branch_id`, `ram_gb`, `storage_capacity_gb`, `storage_type`, `os`, `cpu`, `notes`, `model`, `year`, `is_training`, `warranty_start`, `warranty_end`, `created_at`, `updated_at`) VALUES ('873bfcc3-4d72-45d1-b024-7db0a38fe79d', 'D1PF5G3', 'NOTEBOOK', 'IN_USE', 'Higor Martinez Geromini', 'br-jales', 8, 500, 'SSD_NVME', 'Windows 11', 'I5 1135', '', 'VOSTRO 3400', 2021, 0, NULL, NULL, '2026-02-26T18:08:36Z', '2026-02-26T18:08:36Z');
INSERT INTO `assets` (`id`, `service_tag`, `equipment_type`, `status`, `employee_name`, `branch_id`, `ram_gb`, `storage_capacity_gb`, `storage_type`, `os`, `cpu`, `notes`, `model`, `year`, `is_training`, `warranty_start`, `warranty_end`, `created_at`, `updated_at`) VALUES ('17f9ceac-cc3f-4edd-b3a0-0dd92bee9114', '9D7KKZ3', 'NOTEBOOK', 'IN_USE', 'Rafael Paixao Alves', 'br-jales', 16, 500, 'SSD_NVME', 'Windows 11', 'I7 1165G7', '', 'LATITUDE 3420', 2023, 0, NULL, NULL, '2026-02-26T18:56:25Z', '2026-03-05T12:30:57Z');
INSERT INTO `assets` (`id`, `service_tag`, `equipment_type`, `status`, `employee_name`, `branch_id`, `ram_gb`, `storage_capacity_gb`, `storage_type`, `os`, `cpu`, `notes`, `model`, `year`, `is_training`, `warranty_start`, `warranty_end`, `created_at`, `updated_at`) VALUES ('fc4ca0c6-1287-42c3-a9d5-730cc5fb5d3f', 'C7JBZS3', 'NOTEBOOK', 'IN_USE', 'Whitney Alves Ribeiro', 'br-ribeirao', 8, 500, 'SSD_NVME', 'Windows 11', 'I5 1135', '', 'LATITUDE 3420', 2022, 0, NULL, NULL, '2026-03-02T14:59:30Z', '2026-03-02T14:59:30Z');
INSERT INTO `assets` (`id`, `service_tag`, `equipment_type`, `status`, `employee_name`, `branch_id`, `ram_gb`, `storage_capacity_gb`, `storage_type`, `os`, `cpu`, `notes`, `model`, `year`, `is_training`, `warranty_start`, `warranty_end`, `created_at`, `updated_at`) VALUES ('376dd045-9307-47c2-a327-939f0851ef7d', 'JSWX6X3', 'NOTEBOOK', 'IN_USE', 'Fernando Barbosa de Sousa', 'br-ribeirao', 16, 500, 'SSD_NVME', 'Windows 11', 'I7 1165G7', '', 'LATITUDE 3420', 2023, 0, NULL, NULL, '2026-03-02T15:48:53Z', '2026-03-02T15:48:53Z');
INSERT INTO `assets` (`id`, `service_tag`, `equipment_type`, `status`, `employee_name`, `branch_id`, `ram_gb`, `storage_capacity_gb`, `storage_type`, `os`, `cpu`, `notes`, `model`, `year`, `is_training`, `warranty_start`, `warranty_end`, `created_at`, `updated_at`) VALUES ('bb32a969-a0be-4c2c-9529-1da573766d16', 'DC4RN34', 'NOTEBOOK', 'IN_USE', 'Vinicius Henrique Batista', 'br-catanduva', 8, 256, 'SSD_NVME', 'Windows 11', 'I5 1235U', '', 'LATITUDE 3440', 2024, 0, NULL, NULL, '2026-03-03T12:28:46Z', '2026-03-03T12:28:46Z');
INSERT INTO `assets` (`id`, `service_tag`, `equipment_type`, `status`, `employee_name`, `branch_id`, `ram_gb`, `storage_capacity_gb`, `storage_type`, `os`, `cpu`, `notes`, `model`, `year`, `is_training`, `warranty_start`, `warranty_end`, `created_at`, `updated_at`) VALUES ('6c37e98e-0fda-422b-9d5c-e6c20f60fc7b', '2ZY4XM3', 'NOTEBOOK', 'IN_USE', 'Julio Cesar Villa', 'br-catanduva', 8, 256, 'SSD_NVME', 'Windows 11', 'I5 1035', '', 'VOSTRO 15 3510', 2022, 0, NULL, NULL, '2026-03-03T12:30:28Z', '2026-03-03T12:30:28Z');
INSERT INTO `assets` (`id`, `service_tag`, `equipment_type`, `status`, `employee_name`, `branch_id`, `ram_gb`, `storage_capacity_gb`, `storage_type`, `os`, `cpu`, `notes`, `model`, `year`, `is_training`, `warranty_start`, `warranty_end`, `created_at`, `updated_at`) VALUES ('dcbaf8c9-f542-45f5-a28e-5e79f39f3bb7', 'FB7KKZ3', 'NOTEBOOK', 'IN_USE', 'Guilherme henrique Ribeiro', 'br-catanduva', 16, 500, 'SSD_NVME', 'Windows 11', 'I7 1165G7', '', 'LATITUDE 3420', 2023, 0, NULL, NULL, '2026-03-03T12:32:13Z', '2026-03-03T12:32:13Z');
INSERT INTO `assets` (`id`, `service_tag`, `equipment_type`, `status`, `employee_name`, `branch_id`, `ram_gb`, `storage_capacity_gb`, `storage_type`, `os`, `cpu`, `notes`, `model`, `year`, `is_training`, `warranty_start`, `warranty_end`, `created_at`, `updated_at`) VALUES ('0227e0f9-d506-4eec-af3f-93fae2998bfd', 'JRWX6X3', 'NOTEBOOK', 'IN_USE', 'Patricia Piassi Ferreira', 'br-catanduva', 16, 500, 'SSD_NVME', 'Windows 11', 'I7 1165G7', '', 'LATITUDE 3420', 2023, 0, NULL, NULL, '2026-03-03T12:34:18Z', '2026-03-03T12:34:18Z');
INSERT INTO `assets` (`id`, `service_tag`, `equipment_type`, `status`, `employee_name`, `branch_id`, `ram_gb`, `storage_capacity_gb`, `storage_type`, `os`, `cpu`, `notes`, `model`, `year`, `is_training`, `warranty_start`, `warranty_end`, `created_at`, `updated_at`) VALUES ('a8d8e89e-d093-4243-a2d9-9c25f6903de8', '9B7KKZ3', 'NOTEBOOK', 'IN_USE', 'Romulo Augusto Cassanti', 'br-catanduva', 16, 500, 'SSD_NVME', 'Windows 11', 'I7 1165G7', '', 'LATITUDE 3420', 2023, 0, NULL, NULL, '2026-03-03T12:36:45Z', '2026-03-03T12:36:45Z');
INSERT INTO `assets` (`id`, `service_tag`, `equipment_type`, `status`, `employee_name`, `branch_id`, `ram_gb`, `storage_capacity_gb`, `storage_type`, `os`, `cpu`, `notes`, `model`, `year`, `is_training`, `warranty_start`, `warranty_end`, `created_at`, `updated_at`) VALUES ('875acfc2-23df-4a1c-83e5-6dede4e2f427', '30Z4XM3', 'NOTEBOOK', 'IN_USE', 'Joao Vitor Correia de Souza', 'br-catanduva', 8, 256, 'SSD_NVME', 'Windows 10', 'I5 1035', '', 'VOSTRO 15 3510', 2022, 0, NULL, NULL, '2026-03-03T12:38:48Z', '2026-03-03T12:44:01Z');
INSERT INTO `assets` (`id`, `service_tag`, `equipment_type`, `status`, `employee_name`, `branch_id`, `ram_gb`, `storage_capacity_gb`, `storage_type`, `os`, `cpu`, `notes`, `model`, `year`, `is_training`, `warranty_start`, `warranty_end`, `created_at`, `updated_at`) VALUES ('f6c16abd-b522-4c8e-8765-8ff376033a4f', '58JBZS3', 'NOTEBOOK', 'IN_USE', 'Brenno Mustafa Ramos da Silva (ALMOXARIFADO)', 'br-catanduva', 8, 500, 'SSD_NVME', 'Windows 11', 'I5 1135', '', 'LATITUDE 3420', 2022, 0, NULL, NULL, '2026-03-03T12:43:55Z', '2026-03-03T12:44:32Z');
INSERT INTO `assets` (`id`, `service_tag`, `equipment_type`, `status`, `employee_name`, `branch_id`, `ram_gb`, `storage_capacity_gb`, `storage_type`, `os`, `cpu`, `notes`, `model`, `year`, `is_training`, `warranty_start`, `warranty_end`, `created_at`, `updated_at`) VALUES ('bc9b92f8-7ef8-4bfa-b1c4-4c53b368feb6', 'B4RRWQ2', 'DESKTOP', 'IN_USE', 'Ryan Machado da Silva (ALMOXARIFADO)', 'br-catanduva', 8, 256, 'SSD_NVME', 'Windows 11', 'I5 7500', '', ' OPTIPLEX 3050 SMALL FORM FACTOR', 2018, 0, NULL, NULL, '2026-03-03T12:53:20Z', '2026-03-03T12:53:20Z');
INSERT INTO `assets` (`id`, `service_tag`, `equipment_type`, `status`, `employee_name`, `branch_id`, `ram_gb`, `storage_capacity_gb`, `storage_type`, `os`, `cpu`, `notes`, `model`, `year`, `is_training`, `warranty_start`, `warranty_end`, `created_at`, `updated_at`) VALUES ('b49ad793-80b8-477f-9ad9-c51ec33677a6', '1C7KKZ3', 'NOTEBOOK', 'IN_USE', 'Elivelto Rodrigues', 'br-catanduva', 16, 500, 'SSD_NVME', 'Windows 11', 'I7 1165G7', '', 'LATITUDE 3420', 2023, 0, NULL, NULL, '2026-03-03T12:55:03Z', '2026-03-03T12:55:03Z');
INSERT INTO `assets` (`id`, `service_tag`, `equipment_type`, `status`, `employee_name`, `branch_id`, `ram_gb`, `storage_capacity_gb`, `storage_type`, `os`, `cpu`, `notes`, `model`, `year`, `is_training`, `warranty_start`, `warranty_end`, `created_at`, `updated_at`) VALUES ('48c4296a-70be-4ac9-93b6-b472627e32eb', '1G3K1M3', 'NOTEBOOK', 'IN_USE', 'Daniel Archangelo', 'br-bebedouro', 8, 256, 'SSD_NVME', 'Windows 11', 'I7 1165G7', '', 'VOSTRO 3400', 2022, 0, NULL, NULL, '2026-03-03T12:56:59Z', '2026-03-03T12:56:59Z');
INSERT INTO `assets` (`id`, `service_tag`, `equipment_type`, `status`, `employee_name`, `branch_id`, `ram_gb`, `storage_capacity_gb`, `storage_type`, `os`, `cpu`, `notes`, `model`, `year`, `is_training`, `warranty_start`, `warranty_end`, `created_at`, `updated_at`) VALUES ('025a5e1b-ea55-4191-9f8d-a969ac5c56be', 'J7JBZS3', 'NOTEBOOK', 'IN_USE', 'Isadora Candido Silva', 'br-catanduva', 8, 500, 'SSD_NVME', 'Windows 11', 'I5 1135', '', 'LATITUDE 3420', 2022, 0, NULL, NULL, '2026-03-03T13:01:39Z', '2026-03-03T13:01:39Z');
INSERT INTO `assets` (`id`, `service_tag`, `equipment_type`, `status`, `employee_name`, `branch_id`, `ram_gb`, `storage_capacity_gb`, `storage_type`, `os`, `cpu`, `notes`, `model`, `year`, `is_training`, `warranty_start`, `warranty_end`, `created_at`, `updated_at`) VALUES ('fb91e66c-4c7a-4ade-89ab-73e02e8e5ae6', '6F48YJ3', 'NOTEBOOK', 'IN_USE', 'Rayssa Marchesini de Oliveira', 'br-catanduva', 8, 256, 'SSD_NVME', 'Windows 11', 'I5 1035', '', 'VOSTRO 3401', 2021, 0, NULL, NULL, '2026-03-03T13:03:51Z', '2026-03-03T13:03:51Z');
INSERT INTO `assets` (`id`, `service_tag`, `equipment_type`, `status`, `employee_name`, `branch_id`, `ram_gb`, `storage_capacity_gb`, `storage_type`, `os`, `cpu`, `notes`, `model`, `year`, `is_training`, `warranty_start`, `warranty_end`, `created_at`, `updated_at`) VALUES ('319848cd-b714-42e2-b8ce-7ad4fa522144', '3TWX6X3', 'NOTEBOOK', 'IN_USE', 'Tatiana Munhoz Lopes', 'br-catanduva', 16, 500, 'SSD_NVME', 'Windows 11', 'I7 1165G7', '', 'LATITUDE 3420', 2023, 0, NULL, NULL, '2026-03-03T13:05:19Z', '2026-03-03T13:05:19Z');
INSERT INTO `assets` (`id`, `service_tag`, `equipment_type`, `status`, `employee_name`, `branch_id`, `ram_gb`, `storage_capacity_gb`, `storage_type`, `os`, `cpu`, `notes`, `model`, `year`, `is_training`, `warranty_start`, `warranty_end`, `created_at`, `updated_at`) VALUES ('0a3f3f6e-57de-455c-808d-42689bc29a83', 'JYYNJB4', 'NOTEBOOK', 'IN_USE', 'Anderson Mauricio Lourenço', 'br-catanduva', 16, 500, 'SSD_NVME', 'Windows 11', 'I7 1365G7', '', 'LATITUDE 3550', 2026, 0, NULL, NULL, '2026-03-03T13:10:35Z', '2026-03-03T13:10:35Z');
INSERT INTO `assets` (`id`, `service_tag`, `equipment_type`, `status`, `employee_name`, `branch_id`, `ram_gb`, `storage_capacity_gb`, `storage_type`, `os`, `cpu`, `notes`, `model`, `year`, `is_training`, `warranty_start`, `warranty_end`, `created_at`, `updated_at`) VALUES ('416c4b98-9282-4a5f-8420-9927409004c5', '4TWX6X3', 'NOTEBOOK', 'IN_USE', 'Tulio de Oliveira', 'br-catanduva', 16, 500, 'SSD_NVME', 'Windows 11', 'I7 1165G7', '', 'LATITUDE 3420', 2023, 0, NULL, NULL, '2026-03-03T13:14:12Z', '2026-03-03T13:14:12Z');
INSERT INTO `assets` (`id`, `service_tag`, `equipment_type`, `status`, `employee_name`, `branch_id`, `ram_gb`, `storage_capacity_gb`, `storage_type`, `os`, `cpu`, `notes`, `model`, `year`, `is_training`, `warranty_start`, `warranty_end`, `created_at`, `updated_at`) VALUES ('47ce3b9f-3583-4a29-a630-5d3106d7c524', 'GNSXQ54', 'NOTEBOOK', 'IN_USE', 'Yasmin de Arruda MaCHADO', 'br-catanduva', 8, 256, 'SSD_NVME', 'Windows 11', 'I5 1235U', '', ' LATITUDE 3540', 2024, 0, NULL, NULL, '2026-03-03T13:17:47Z', '2026-03-03T13:17:51Z');
INSERT INTO `assets` (`id`, `service_tag`, `equipment_type`, `status`, `employee_name`, `branch_id`, `ram_gb`, `storage_capacity_gb`, `storage_type`, `os`, `cpu`, `notes`, `model`, `year`, `is_training`, `warranty_start`, `warranty_end`, `created_at`, `updated_at`) VALUES ('24cdf99c-d922-4802-9247-76ee8a3485a7', '5D7KKZ3', 'NOTEBOOK', 'IN_USE', 'Mario Sergio Senise Gomes', 'br-catanduva', 16, 500, 'SSD_NVME', 'Windows 11', 'I7 1165G7', '', 'LATITUDE 3420', 2023, 0, NULL, NULL, '2026-03-03T13:39:03Z', '2026-03-03T13:39:03Z');
INSERT INTO `assets` (`id`, `service_tag`, `equipment_type`, `status`, `employee_name`, `branch_id`, `ram_gb`, `storage_capacity_gb`, `storage_type`, `os`, `cpu`, `notes`, `model`, `year`, `is_training`, `warranty_start`, `warranty_end`, `created_at`, `updated_at`) VALUES ('29116e67-002c-4266-ba75-ca2d8ec95dd7', '3B7KKZ3', 'NOTEBOOK', 'IN_USE', 'Caio Hernandes da Silva', 'br-catanduva', 16, 500, 'SSD_NVME', 'Windows 11', 'I7 1165G7', '', 'LATITUDE 3420', 2023, 0, NULL, NULL, '2026-03-03T13:43:47Z', '2026-03-03T13:43:47Z');
INSERT INTO `assets` (`id`, `service_tag`, `equipment_type`, `status`, `employee_name`, `branch_id`, `ram_gb`, `storage_capacity_gb`, `storage_type`, `os`, `cpu`, `notes`, `model`, `year`, `is_training`, `warranty_start`, `warranty_end`, `created_at`, `updated_at`) VALUES ('c4cdb9a7-fc25-45c7-94a3-d11425f3b2da', '8C4RN34', 'NOTEBOOK', 'IN_USE', 'Joao Ricardo Daga', 'br-catanduva', 8, 500, 'SSD_NVME', 'Windows 11', 'I5 1235U', '', 'LATITUDE 3440', 2024, 0, NULL, NULL, '2026-03-03T13:45:52Z', '2026-03-03T13:45:52Z');
INSERT INTO `assets` (`id`, `service_tag`, `equipment_type`, `status`, `employee_name`, `branch_id`, `ram_gb`, `storage_capacity_gb`, `storage_type`, `os`, `cpu`, `notes`, `model`, `year`, `is_training`, `warranty_start`, `warranty_end`, `created_at`, `updated_at`) VALUES ('646cfe2c-4aac-47c8-818f-e794e4f5df63', 'HXG1VW2', 'NOTEBOOK', 'IN_USE', 'TREINAMENTO', 'br-catanduva', 4, 256, 'SSD_NVME', 'Windows 10', 'I3 7020', '', 'INSPIRON 3481', 2019, 0, NULL, NULL, '2026-03-03T13:51:57Z', '2026-03-03T13:51:57Z');
INSERT INTO `assets` (`id`, `service_tag`, `equipment_type`, `status`, `employee_name`, `branch_id`, `ram_gb`, `storage_capacity_gb`, `storage_type`, `os`, `cpu`, `notes`, `model`, `year`, `is_training`, `warranty_start`, `warranty_end`, `created_at`, `updated_at`) VALUES ('41607804-d18f-4047-8cfd-3371841cf1ba', 'CAT TV SIMOVA', 'NOTEBOOK', 'IN_USE', 'TREINAMENTO', 'br-catanduva', 8, 500, 'SSD_NVME', 'Windows 10', 'I3 6060', 'Verificar o notebook esta fora do domínio e consta que e bem antigo ', '81CC', 2015, 0, NULL, NULL, '2026-03-03T13:56:05Z', '2026-03-03T13:56:05Z');
INSERT INTO `assets` (`id`, `service_tag`, `equipment_type`, `status`, `employee_name`, `branch_id`, `ram_gb`, `storage_capacity_gb`, `storage_type`, `os`, `cpu`, `notes`, `model`, `year`, `is_training`, `warranty_start`, `warranty_end`, `created_at`, `updated_at`) VALUES ('b010c8af-afd8-45e5-9666-4b41f87db17c', 'CS8N4T3', 'NOTEBOOK', 'IN_USE', 'Jhenifer Camargo dos Santos', 'br-catanduva', 8, 500, 'SSD_NVME', 'Windows 11', 'I5 1135', '', 'LATITUDE 3420', 2022, 0, NULL, NULL, '2026-03-03T14:05:17Z', '2026-03-03T14:05:17Z');
INSERT INTO `assets` (`id`, `service_tag`, `equipment_type`, `status`, `employee_name`, `branch_id`, `ram_gb`, `storage_capacity_gb`, `storage_type`, `os`, `cpu`, `notes`, `model`, `year`, `is_training`, `warranty_start`, `warranty_end`, `created_at`, `updated_at`) VALUES ('7f515de4-3c73-4054-87fb-1c6e75f30f08', '5D60LQ3', 'NOTEBOOK', 'IN_USE', 'Maria Julia de Souza Belato', 'br-catanduva', 8, 256, 'SSD_NVME', 'Windows 11', 'I5 1135', '', 'VOSTRO 15 3510', 2022, 0, NULL, NULL, '2026-03-03T14:10:27Z', '2026-03-03T14:10:27Z');
INSERT INTO `assets` (`id`, `service_tag`, `equipment_type`, `status`, `employee_name`, `branch_id`, `ram_gb`, `storage_capacity_gb`, `storage_type`, `os`, `cpu`, `notes`, `model`, `year`, `is_training`, `warranty_start`, `warranty_end`, `created_at`, `updated_at`) VALUES ('74bd249f-ade9-41d9-97fb-3bf3976f4d7c', 'C1K0SN3', 'NOTEBOOK', 'IN_USE', 'Marcos Moreton', 'br-itapolis', 16, 500, 'SSD_NVME', 'Windows 11', 'I7 1165G7', '', 'LATITUDE 3420', 2022, 0, NULL, NULL, '2026-03-03T18:31:09Z', '2026-03-03T18:31:09Z');
INSERT INTO `assets` (`id`, `service_tag`, `equipment_type`, `status`, `employee_name`, `branch_id`, `ram_gb`, `storage_capacity_gb`, `storage_type`, `os`, `cpu`, `notes`, `model`, `year`, `is_training`, `warranty_start`, `warranty_end`, `created_at`, `updated_at`) VALUES ('ecef3091-bf2b-420d-a060-139fa3492853', '79Q7VW2', 'NOTEBOOK', 'IN_USE', 'Ana Laura Mariano Bina', 'br-itapolis', 8, 1000, 'HDD', 'Windows 11', 'I5 7200', '', 'VOSTRO 14 3468', 2017, 0, NULL, NULL, '2026-03-03T18:33:56Z', '2026-03-03T18:33:56Z');
INSERT INTO `assets` (`id`, `service_tag`, `equipment_type`, `status`, `employee_name`, `branch_id`, `ram_gb`, `storage_capacity_gb`, `storage_type`, `os`, `cpu`, `notes`, `model`, `year`, `is_training`, `warranty_start`, `warranty_end`, `created_at`, `updated_at`) VALUES ('68a29f19-aab8-44de-bd22-737b74392f3f', '21JSVN2', 'NOTEBOOK', 'IN_USE', 'Carlos Rafael Lobo de Oliveira', 'br-itapolis', 8, 256, 'SSD_SATA', 'Windows 11', 'I5 7500', '', ' OPTIPLEX 3050 SMALL FORM FACTOR', 2018, 0, NULL, NULL, '2026-03-03T18:36:43Z', '2026-03-03T18:36:43Z');
INSERT INTO `assets` (`id`, `service_tag`, `equipment_type`, `status`, `employee_name`, `branch_id`, `ram_gb`, `storage_capacity_gb`, `storage_type`, `os`, `cpu`, `notes`, `model`, `year`, `is_training`, `warranty_start`, `warranty_end`, `created_at`, `updated_at`) VALUES ('2bc82486-54ba-4544-bcaf-d294837fb933', 'DQPYJB3', 'NOTEBOOK', 'IN_USE', 'Matheus Larazetti', 'br-itapolis', 8, 112, 'SSD_NVME', 'Windows 11', 'I5 8265', '', 'VOSTRO 3583', 2021, 0, NULL, NULL, '2026-03-03T18:41:11Z', '2026-03-03T18:41:11Z');
INSERT INTO `assets` (`id`, `service_tag`, `equipment_type`, `status`, `employee_name`, `branch_id`, `ram_gb`, `storage_capacity_gb`, `storage_type`, `os`, `cpu`, `notes`, `model`, `year`, `is_training`, `warranty_start`, `warranty_end`, `created_at`, `updated_at`) VALUES ('b815f7ce-4368-487d-8055-ec15d0ec06a5', 'GW2K2L3', 'NOTEBOOK', 'IN_USE', 'Daniela Machado', 'br-franca', 8, 256, 'SSD_NVME', 'Windows 11', 'I5 1035', '', 'VOSTRO 3501', 2021, 0, NULL, NULL, '2026-03-04T11:53:44Z', '2026-03-04T11:53:44Z');
INSERT INTO `assets` (`id`, `service_tag`, `equipment_type`, `status`, `employee_name`, `branch_id`, `ram_gb`, `storage_capacity_gb`, `storage_type`, `os`, `cpu`, `notes`, `model`, `year`, `is_training`, `warranty_start`, `warranty_end`, `created_at`, `updated_at`) VALUES ('ccef6ecb-8362-4820-80dd-a666d3eb83ca', 'DBTVQ23', 'DESKTOP', 'IN_USE', 'Flavio Arcari Silva', 'br-franca', 8, 256, 'SSD_SATA', 'Windows 11', 'I5 9500', '', 'OPTIPLEX 3070 SMALL FORM FACTOR ', 2020, 0, NULL, NULL, '2026-03-04T11:56:37Z', '2026-03-04T11:56:37Z');
INSERT INTO `assets` (`id`, `service_tag`, `equipment_type`, `status`, `employee_name`, `branch_id`, `ram_gb`, `storage_capacity_gb`, `storage_type`, `os`, `cpu`, `notes`, `model`, `year`, `is_training`, `warranty_start`, `warranty_end`, `created_at`, `updated_at`) VALUES ('2ccb7aae-4aaa-4e43-b2c6-bfd48d283adb', '2Q1XQ23', 'NOTEBOOK', 'IN_USE', 'Tasso Toledo', 'br-franca', 8, 500, 'SSD_NVME', 'Windows 11', 'I5 8265', '', 'VOSTRO 3583', 2020, 0, NULL, NULL, '2026-03-04T11:58:36Z', '2026-03-04T11:58:36Z');
INSERT INTO `assets` (`id`, `service_tag`, `equipment_type`, `status`, `employee_name`, `branch_id`, `ram_gb`, `storage_capacity_gb`, `storage_type`, `os`, `cpu`, `notes`, `model`, `year`, `is_training`, `warranty_start`, `warranty_end`, `created_at`, `updated_at`) VALUES ('709c7575-497f-4b70-93b4-788b1a4208ca', 'FHTNCK2', 'NOTEBOOK', 'IN_USE', 'PLANTAO (ITUVERAVA)', 'br-ituverava', 8, 1000, 'HDD', 'Windows 10', 'I7 7500', '', ' ISPIRION 14 7460', 2017, 0, NULL, NULL, '2026-03-04T12:06:30Z', '2026-03-04T12:06:30Z');
INSERT INTO `assets` (`id`, `service_tag`, `equipment_type`, `status`, `employee_name`, `branch_id`, `ram_gb`, `storage_capacity_gb`, `storage_type`, `os`, `cpu`, `notes`, `model`, `year`, `is_training`, `warranty_start`, `warranty_end`, `created_at`, `updated_at`) VALUES ('d7a4e470-c09c-4082-a402-50775040c3fd', '8CQJH93', 'DESKTOP', 'IN_USE', 'GABRIEL DE MORAIS LOURENÇO (ALMOXARIFADO)', 'br-franca', 16, 704, 'SSD_SATA', 'Windows 11', 'I5 9500', '', 'OPTIPLEX 3070 SMALL FORM FACTOR ', 2020, 0, NULL, NULL, '2026-03-04T12:13:07Z', '2026-03-04T14:42:42Z');
INSERT INTO `assets` (`id`, `service_tag`, `equipment_type`, `status`, `employee_name`, `branch_id`, `ram_gb`, `storage_capacity_gb`, `storage_type`, `os`, `cpu`, `notes`, `model`, `year`, `is_training`, `warranty_start`, `warranty_end`, `created_at`, `updated_at`) VALUES ('d1f2c70e-c183-4238-ade1-21de12b82aff', '2C2LB93', 'NOTEBOOK', 'IN_USE', 'Joao Goncalves', 'br-franca', 8, 256, 'SSD_NVME', 'Windows 11', 'I5 8265', '', 'VOSTRO 3480', 2020, 0, NULL, NULL, '2026-03-04T12:17:00Z', '2026-03-04T12:17:00Z');
INSERT INTO `assets` (`id`, `service_tag`, `equipment_type`, `status`, `employee_name`, `branch_id`, `ram_gb`, `storage_capacity_gb`, `storage_type`, `os`, `cpu`, `notes`, `model`, `year`, `is_training`, `warranty_start`, `warranty_end`, `created_at`, `updated_at`) VALUES ('06252aa2-3c5b-4002-8101-424b561f42ad', 'FM3G294', 'NOTEBOOK', 'IN_USE', 'Adriel Almeida', 'br-franca', 16, 500, 'SSD_NVME', 'Windows 11', 'I7 1365G7', '', 'LATITUDE 3450', 2023, 0, NULL, NULL, '2026-03-04T12:19:03Z', '2026-03-04T12:19:03Z');
INSERT INTO `assets` (`id`, `service_tag`, `equipment_type`, `status`, `employee_name`, `branch_id`, `ram_gb`, `storage_capacity_gb`, `storage_type`, `os`, `cpu`, `notes`, `model`, `year`, `is_training`, `warranty_start`, `warranty_end`, `created_at`, `updated_at`) VALUES ('92985d29-0ffb-4981-b261-c19c4651a3ab', 'G8XKLG2', 'NOTEBOOK', 'IN_USE', 'Gabriel Masayuki Sekimura', 'br-franca', 8, 500, 'SSD_SATA', 'Windows 10', 'I5 5200', '', ' ISPIRON 5458', 2016, 0, NULL, NULL, '2026-03-04T12:22:45Z', '2026-03-04T12:22:45Z');
INSERT INTO `assets` (`id`, `service_tag`, `equipment_type`, `status`, `employee_name`, `branch_id`, `ram_gb`, `storage_capacity_gb`, `storage_type`, `os`, `cpu`, `notes`, `model`, `year`, `is_training`, `warranty_start`, `warranty_end`, `created_at`, `updated_at`) VALUES ('651c17a7-4449-4cdd-af67-1b9ae42d0bd6', 'FMLG1B4', 'NOTEBOOK', 'IN_USE', 'Cristian Linck', 'br-franca', 16, 500, 'SSD_NVME', 'Windows 11', 'I7 1365G7', '', ' LATITUDE 3550', 2025, 0, NULL, NULL, '2026-03-04T12:28:34Z', '2026-03-04T12:28:34Z');
INSERT INTO `assets` (`id`, `service_tag`, `equipment_type`, `status`, `employee_name`, `branch_id`, `ram_gb`, `storage_capacity_gb`, `storage_type`, `os`, `cpu`, `notes`, `model`, `year`, `is_training`, `warranty_start`, `warranty_end`, `created_at`, `updated_at`) VALUES ('1651b31e-f7f0-4fd8-b754-1ba7e5d12d4a', '7K892M2', 'DESKTOP', 'IN_USE', 'Rafael Sebastião Machado de Carvalho', 'br-ituverava', 8, 256, 'SSD_SATA', 'Windows 11', 'I5 7500', '', 'OPTIPLEX 3050 SMALL FORM FACTOR', 2017, 0, NULL, NULL, '2026-03-04T14:42:28Z', '2026-03-04T14:45:02Z');
INSERT INTO `assets` (`id`, `service_tag`, `equipment_type`, `status`, `employee_name`, `branch_id`, `ram_gb`, `storage_capacity_gb`, `storage_type`, `os`, `cpu`, `notes`, `model`, `year`, `is_training`, `warranty_start`, `warranty_end`, `created_at`, `updated_at`) VALUES ('6f6a1f15-7881-4dcf-aa3a-16ef5d7cb346', 'G84MLG2', 'DESKTOP', 'IN_USE', 'Murilo Moreira Vieira', 'br-ituverava', 8, 256, 'SSD_SATA', 'Windows 11', 'I5 6500', '', 'OPTIPLEX 3040 SMALL FORM FACTOR', 2016, 0, NULL, NULL, '2026-03-04T14:44:58Z', '2026-03-04T14:44:58Z');
INSERT INTO `assets` (`id`, `service_tag`, `equipment_type`, `status`, `employee_name`, `branch_id`, `ram_gb`, `storage_capacity_gb`, `storage_type`, `os`, `cpu`, `notes`, `model`, `year`, `is_training`, `warranty_start`, `warranty_end`, `created_at`, `updated_at`) VALUES ('52961f8b-477f-48c1-b769-34cc6b38e58f', 'D0N3294', 'NOTEBOOK', 'IN_USE', 'Ismael Ferreira de Mendonca Junior', 'br-ituverava', 16, 500, 'SSD_NVME', 'Windows 11', 'I7 1355U', '', 'LATITUDE 3450', 2025, 0, NULL, NULL, '2026-03-04T14:48:34Z', '2026-03-04T14:48:34Z');
INSERT INTO `assets` (`id`, `service_tag`, `equipment_type`, `status`, `employee_name`, `branch_id`, `ram_gb`, `storage_capacity_gb`, `storage_type`, `os`, `cpu`, `notes`, `model`, `year`, `is_training`, `warranty_start`, `warranty_end`, `created_at`, `updated_at`) VALUES ('aa1748ac-eab3-4c2c-b306-85998d6a330d', 'DBSWQ23', 'DESKTOP', 'IN_USE', 'Luiz Felipe Souza Silva', 'br-ituverava', 8, 256, 'SSD_SATA', 'Windows 11', 'I5 9500', '', 'OPTIPLEX 3070 SMALL FORM FACTOR ', 2020, 0, NULL, NULL, '2026-03-04T14:50:38Z', '2026-03-04T14:50:38Z');
INSERT INTO `assets` (`id`, `service_tag`, `equipment_type`, `status`, `employee_name`, `branch_id`, `ram_gb`, `storage_capacity_gb`, `storage_type`, `os`, `cpu`, `notes`, `model`, `year`, `is_training`, `warranty_start`, `warranty_end`, `created_at`, `updated_at`) VALUES ('b5114d8c-22dd-42c6-9589-2c181d9f38b5', 'FN7NSY2', 'DESKTOP', 'IN_USE', 'Deivide Alfredo /  Joger', 'br-ituverava', 8, 256, 'SSD_SATA', 'Windows 11', 'I5 9500', '', 'OPTIPLEX 3070 SMALL FORM FACTOR ', 2019, 0, NULL, NULL, '2026-03-04T14:57:07Z', '2026-03-04T14:57:07Z');
INSERT INTO `assets` (`id`, `service_tag`, `equipment_type`, `status`, `employee_name`, `branch_id`, `ram_gb`, `storage_capacity_gb`, `storage_type`, `os`, `cpu`, `notes`, `model`, `year`, `is_training`, `warranty_start`, `warranty_end`, `created_at`, `updated_at`) VALUES ('9a4cb2ed-e569-4aef-b426-4e49c961f9f0', '4Q3G294', 'NOTEBOOK', 'IN_USE', 'Aline Bonutti', 'br-orlandia', 16, 500, 'SSD_NVME', 'Windows 11', 'I7 1365G7', '', 'LATITUDE 3450', 2025, 0, NULL, NULL, '2026-03-04T17:32:02Z', '2026-03-04T17:32:02Z');
INSERT INTO `assets` (`id`, `service_tag`, `equipment_type`, `status`, `employee_name`, `branch_id`, `ram_gb`, `storage_capacity_gb`, `storage_type`, `os`, `cpu`, `notes`, `model`, `year`, `is_training`, `warranty_start`, `warranty_end`, `created_at`, `updated_at`) VALUES ('d35c1962-c933-4e7e-990b-def2f1bef928', 'FN6MSY2', 'DESKTOP', 'IN_USE', 'CENS (ORLANDIA)', 'br-orlandia', 8, 256, 'SSD_NVME', 'Windows 10', 'I5 9500', '', 'OPTIPLEX 3070 SMALL FORM FACTOR ', 2019, 0, NULL, NULL, '2026-03-04T17:35:51Z', '2026-03-04T17:35:51Z');
INSERT INTO `assets` (`id`, `service_tag`, `equipment_type`, `status`, `employee_name`, `branch_id`, `ram_gb`, `storage_capacity_gb`, `storage_type`, `os`, `cpu`, `notes`, `model`, `year`, `is_training`, `warranty_start`, `warranty_end`, `created_at`, `updated_at`) VALUES ('8ffe077e-4da7-49ec-b529-b4619cec97d9', 'GP3G294', 'NOTEBOOK', 'IN_USE', 'Beatriz Fernanda Silva Santos', 'br-ribeirao', 16, 500, 'SSD_NVME', 'Windows 11', 'I7 1365G7', '', 'LATITUDE 3450', 2025, 0, NULL, NULL, '2026-03-04T17:42:25Z', '2026-03-04T17:42:25Z');
INSERT INTO `assets` (`id`, `service_tag`, `equipment_type`, `status`, `employee_name`, `branch_id`, `ram_gb`, `storage_capacity_gb`, `storage_type`, `os`, `cpu`, `notes`, `model`, `year`, `is_training`, `warranty_start`, `warranty_end`, `created_at`, `updated_at`) VALUES ('73998d86-1edd-4ac2-8cb2-d2df281cba8e', 'HS8N4T3', 'NOTEBOOK', 'IN_USE', 'Sergio Bruno da Silva Candido', 'br-orlandia', 8, 500, 'SSD_NVME', 'Windows 11', 'I5 1135', '', 'LATITUDE 3420', 2022, 0, NULL, NULL, '2026-03-04T17:44:10Z', '2026-03-04T17:44:10Z');
INSERT INTO `assets` (`id`, `service_tag`, `equipment_type`, `status`, `employee_name`, `branch_id`, `ram_gb`, `storage_capacity_gb`, `storage_type`, `os`, `cpu`, `notes`, `model`, `year`, `is_training`, `warranty_start`, `warranty_end`, `created_at`, `updated_at`) VALUES ('55d85beb-b7fe-45f5-8337-be2b22054240', 'BWZXRP2', 'DESKTOP', 'IN_USE', 'Lucas Brandao', 'br-orlandia', 8, 256, 'SSD_NVME', 'Windows 11', 'I5 7500', '', 'OPTIPLEX 3050 SMALL FORM FACTOR', 2018, 0, NULL, NULL, '2026-03-04T17:45:52Z', '2026-03-04T17:45:52Z');
INSERT INTO `assets` (`id`, `service_tag`, `equipment_type`, `status`, `employee_name`, `branch_id`, `ram_gb`, `storage_capacity_gb`, `storage_type`, `os`, `cpu`, `notes`, `model`, `year`, `is_training`, `warranty_start`, `warranty_end`, `created_at`, `updated_at`) VALUES ('fd36c000-d200-4b93-a7d0-615f00ff40cb', '6X69RX3', 'DESKTOP', 'IN_USE', 'Victor Silva', 'br-orlandia', 8, 256, 'SSD_SATA', 'Windows 11', 'I5 12500', '', 'OPTIPLEX 3000 SMALL FORM FACTOR ', 2023, 0, NULL, NULL, '2026-03-04T17:47:22Z', '2026-03-04T17:47:22Z');
INSERT INTO `assets` (`id`, `service_tag`, `equipment_type`, `status`, `employee_name`, `branch_id`, `ram_gb`, `storage_capacity_gb`, `storage_type`, `os`, `cpu`, `notes`, `model`, `year`, `is_training`, `warranty_start`, `warranty_end`, `created_at`, `updated_at`) VALUES ('c8a62b52-ab96-4c95-b4dc-52b33fec9f55', 'F02H0D3', 'NOTEBOOK', 'IN_USE', 'Talitha Maria Barbosa', 'br-orlandia', 8, 500, 'SSD_NVME', 'Windows 11', 'I5 1021', '', 'LATITUDE 3410', 2023, 0, NULL, NULL, '2026-03-04T17:49:41Z', '2026-03-04T17:49:41Z');
INSERT INTO `assets` (`id`, `service_tag`, `equipment_type`, `status`, `employee_name`, `branch_id`, `ram_gb`, `storage_capacity_gb`, `storage_type`, `os`, `cpu`, `notes`, `model`, `year`, `is_training`, `warranty_start`, `warranty_end`, `created_at`, `updated_at`) VALUES ('1411cc4e-c193-4418-8d2d-3b7450821b65', '94XMDX3', 'NOTEBOOK', 'IN_USE', 'Tiago Trulio Perez', 'br-orlandia', 8, 256, 'SSD_NVME', 'Windows 11', 'I5 1135', '', 'VOSTRO 15 3510', 2023, 0, NULL, NULL, '2026-03-04T17:51:07Z', '2026-03-04T17:51:07Z');
INSERT INTO `assets` (`id`, `service_tag`, `equipment_type`, `status`, `employee_name`, `branch_id`, `ram_gb`, `storage_capacity_gb`, `storage_type`, `os`, `cpu`, `notes`, `model`, `year`, `is_training`, `warranty_start`, `warranty_end`, `created_at`, `updated_at`) VALUES ('21d87cb1-6b32-40b4-8323-6c041d32cda4', '1FTVN74', 'NOTEBOOK', 'IN_USE', 'Tauane Mara Guimaraes', 'br-orlandia', 16, 500, 'SSD_NVME', 'Windows 11', 'I7 1365G7', '', 'LATITUDE 3550', 2025, 0, NULL, NULL, '2026-03-04T17:52:45Z', '2026-03-04T17:52:45Z');
INSERT INTO `assets` (`id`, `service_tag`, `equipment_type`, `status`, `employee_name`, `branch_id`, `ram_gb`, `storage_capacity_gb`, `storage_type`, `os`, `cpu`, `notes`, `model`, `year`, `is_training`, `warranty_start`, `warranty_end`, `created_at`, `updated_at`) VALUES ('1abd3fde-c3ac-4be4-8489-5d4376eed4a9', 'HSWX6X3', 'NOTEBOOK', 'IN_USE', 'Mariela Cestari', 'br-orlandia', 16, 500, 'SSD_NVME', 'Windows 11', 'I7 1165G7', '', 'LATITUDE 3420', 2023, 0, NULL, NULL, '2026-03-04T17:54:16Z', '2026-03-04T17:54:16Z');
INSERT INTO `assets` (`id`, `service_tag`, `equipment_type`, `status`, `employee_name`, `branch_id`, `ram_gb`, `storage_capacity_gb`, `storage_type`, `os`, `cpu`, `notes`, `model`, `year`, `is_training`, `warranty_start`, `warranty_end`, `created_at`, `updated_at`) VALUES ('d00ab7cc-d78d-47a1-a08a-166c20d4abef', 'FQPYJB3', 'NOTEBOOK', 'IN_USE', 'ALMOXARIFADO (ORLANDIA)', 'br-orlandia', 8, 256, 'SSD_NVME', 'Windows 11', 'I5 8265', '', 'VOSTRO 3583', 2021, 0, NULL, NULL, '2026-03-04T17:56:50Z', '2026-03-04T17:56:50Z');
INSERT INTO `assets` (`id`, `service_tag`, `equipment_type`, `status`, `employee_name`, `branch_id`, `ram_gb`, `storage_capacity_gb`, `storage_type`, `os`, `cpu`, `notes`, `model`, `year`, `is_training`, `warranty_start`, `warranty_end`, `created_at`, `updated_at`) VALUES ('d32dcb7e-1da3-4349-b4d5-3799de8e25fc', 'D775K03', 'NOTEBOOK', 'IN_USE', 'Matheus Lourenço (ALMOXARIFADO)', 'br-orlandia', 8, 256, 'SSD_NVME', 'Windows 11', 'I5 8265', '', 'VOSTRO 3583', 2019, 0, NULL, NULL, '2026-03-04T17:59:50Z', '2026-03-04T17:59:50Z');
INSERT INTO `assets` (`id`, `service_tag`, `equipment_type`, `status`, `employee_name`, `branch_id`, `ram_gb`, `storage_capacity_gb`, `storage_type`, `os`, `cpu`, `notes`, `model`, `year`, `is_training`, `warranty_start`, `warranty_end`, `created_at`, `updated_at`) VALUES ('a75275d5-5255-4d85-bca3-5bd2ceea5075', '7K6J2M2', 'DESKTOP', 'IN_USE', 'Caio Borges (ALMOXARIFADO)', 'br-orlandia', 8, 256, 'SSD_NVME', 'Windows 11', 'I5 7500', '', 'OPTIPLEX 3050 SMALL FORM FACTOR', 2017, 0, NULL, NULL, '2026-03-04T18:01:35Z', '2026-03-04T18:01:35Z');
INSERT INTO `assets` (`id`, `service_tag`, `equipment_type`, `status`, `employee_name`, `branch_id`, `ram_gb`, `storage_capacity_gb`, `storage_type`, `os`, `cpu`, `notes`, `model`, `year`, `is_training`, `warranty_start`, `warranty_end`, `created_at`, `updated_at`) VALUES ('abc573c9-6ae7-4b3e-8419-0f76c7378afc', 'DBQVQ23', 'NOTEBOOK', 'IN_USE', 'Yuri eduardo de sousa', 'br-orlandia', 16, 500, 'SSD_SATA', 'Windows 11', 'I5 9500', '', 'OPTIPLEX 3070 SMALL FORM FACTOR ', 2020, 0, NULL, NULL, '2026-03-04T18:09:39Z', '2026-03-04T18:09:39Z');
INSERT INTO `assets` (`id`, `service_tag`, `equipment_type`, `status`, `employee_name`, `branch_id`, `ram_gb`, `storage_capacity_gb`, `storage_type`, `os`, `cpu`, `notes`, `model`, `year`, `is_training`, `warranty_start`, `warranty_end`, `created_at`, `updated_at`) VALUES ('afd8feb2-37f5-4a82-ad04-6c48e1903a0f', 'CB8J504', 'NOTEBOOK', 'IN_USE', 'Tulio Tavares', 'br-orlandia', 8, 500, 'SSD_NVME', 'Windows 11', 'I5 1135', '', 'VOSTRO 3520', 2022, 0, NULL, NULL, '2026-03-04T18:11:30Z', '2026-03-04T18:11:30Z');
INSERT INTO `assets` (`id`, `service_tag`, `equipment_type`, `status`, `employee_name`, `branch_id`, `ram_gb`, `storage_capacity_gb`, `storage_type`, `os`, `cpu`, `notes`, `model`, `year`, `is_training`, `warranty_start`, `warranty_end`, `created_at`, `updated_at`) VALUES ('1a7c868b-eb8b-437e-b193-722eb387cca0', '7S8N4T3', 'NOTEBOOK', 'IN_USE', 'Fabiano Honorato', 'br-orlandia', 8, 500, 'SSD_NVME', 'Windows 11', 'I5 1135', '', 'LATITUDE 3420', 2022, 0, NULL, NULL, '2026-03-04T18:12:53Z', '2026-03-04T18:12:53Z');
INSERT INTO `assets` (`id`, `service_tag`, `equipment_type`, `status`, `employee_name`, `branch_id`, `ram_gb`, `storage_capacity_gb`, `storage_type`, `os`, `cpu`, `notes`, `model`, `year`, `is_training`, `warranty_start`, `warranty_end`, `created_at`, `updated_at`) VALUES ('f6373738-5f43-4fe4-9402-4cafe5244edf', '908SGR3', 'NOTEBOOK', 'IN_USE', 'Ricardo Goes dos Santos', 'br-jales', 8, 500, 'SSD_NVME', 'Windows 11', 'I5 1135', '', 'LATITUDE 3420', 2022, 0, NULL, NULL, '2026-03-06T11:00:32Z', '2026-03-06T11:00:32Z');
INSERT INTO `assets` (`id`, `service_tag`, `equipment_type`, `status`, `employee_name`, `branch_id`, `ram_gb`, `storage_capacity_gb`, `storage_type`, `os`, `cpu`, `notes`, `model`, `year`, `is_training`, `warranty_start`, `warranty_end`, `created_at`, `updated_at`) VALUES ('3f828a52-b8c5-4f1d-a36d-fd268da0bd63', '210MVN2', 'NOTEBOOK', 'IN_USE', 'ALMOXARIFADO - PALNTAO (FRANCA)', 'br-franca', 16, 256, 'SSD_NVME', 'Windows 11', 'I5 7200', '', ' INSPIRON 15 5566', 2018, 0, NULL, NULL, '2026-03-06T15:21:52Z', '2026-03-06T15:21:52Z');
INSERT INTO `assets` (`id`, `service_tag`, `equipment_type`, `status`, `employee_name`, `branch_id`, `ram_gb`, `storage_capacity_gb`, `storage_type`, `os`, `cpu`, `notes`, `model`, `year`, `is_training`, `warranty_start`, `warranty_end`, `created_at`, `updated_at`) VALUES ('c313b24c-51a7-45d8-882a-087f1e017f6a', 'D798K03', 'NOTEBOOK', 'IN_USE', 'ALMOXARIFADO (ORLANDIA)', 'br-orlandia', 8, 256, 'SSD_NVME', 'Windows 11', 'I5 8265', '', 'VOSTRO 3583', 2018, 0, NULL, NULL, '2026-03-06T19:10:50Z', '2026-03-06T19:10:50Z');
INSERT INTO `assets` (`id`, `service_tag`, `equipment_type`, `status`, `employee_name`, `branch_id`, `ram_gb`, `storage_capacity_gb`, `storage_type`, `os`, `cpu`, `notes`, `model`, `year`, `is_training`, `warranty_start`, `warranty_end`, `created_at`, `updated_at`) VALUES ('9a29ed88-4eaf-4a62-a4c4-6e2ddeb1b564', 'H0N3294', 'NOTEBOOK', 'IN_USE', 'Matheus Augusto Cruz', 'br-riopreto', 16, 500, 'SSD_NVME', 'Windows 11', 'I7 1365G7', '', 'LATITUDE 3450', 2025, 0, NULL, NULL, '2026-03-06T19:25:37Z', '2026-03-06T19:25:37Z');
INSERT INTO `assets` (`id`, `service_tag`, `equipment_type`, `status`, `employee_name`, `branch_id`, `ram_gb`, `storage_capacity_gb`, `storage_type`, `os`, `cpu`, `notes`, `model`, `year`, `is_training`, `warranty_start`, `warranty_end`, `created_at`, `updated_at`) VALUES ('96c276e5-e884-4260-affb-ce30dba79248', '8S8N4T3', 'NOTEBOOK', 'IN_USE', 'Luiz Roberto Galego Ponce', 'br-bebedouro', 12, 500, 'SSD_NVME', 'Windows 11', 'I5 1135', '', 'LATITUDE 3420', 2022, 0, NULL, NULL, '2026-03-09T15:49:10Z', '2026-03-09T15:49:10Z');
INSERT INTO `assets` (`id`, `service_tag`, `equipment_type`, `status`, `employee_name`, `branch_id`, `ram_gb`, `storage_capacity_gb`, `storage_type`, `os`, `cpu`, `notes`, `model`, `year`, `is_training`, `warranty_start`, `warranty_end`, `created_at`, `updated_at`) VALUES ('600af714-96b0-4ec9-8259-3f375473bb66', 'HP3G294', 'NOTEBOOK', 'IN_USE', 'Francielle Gasparino', 'br-guaira', 16, 500, 'SSD_NVME', 'Windows 11', 'I7 1365G7', '', 'LATITUDE 3450', 2025, 0, NULL, NULL, '2026-03-10T12:18:51Z', '2026-03-10T12:18:51Z');
INSERT INTO `assets` (`id`, `service_tag`, `equipment_type`, `status`, `employee_name`, `branch_id`, `ram_gb`, `storage_capacity_gb`, `storage_type`, `os`, `cpu`, `notes`, `model`, `year`, `is_training`, `warranty_start`, `warranty_end`, `created_at`, `updated_at`) VALUES ('d8fa3188-e15e-48a0-a783-97f2fc15884b', 'FNH17X3', 'NOTEBOOK', 'IN_USE', 'Poliana de oliveira Galhaço', 'br-guaira', 8, 500, 'SSD_NVME', 'Windows 11', 'I5 1135', '', 'VOSTRO 15 3510', 2023, 0, NULL, NULL, '2026-03-10T12:21:05Z', '2026-03-10T12:21:05Z');
INSERT INTO `assets` (`id`, `service_tag`, `equipment_type`, `status`, `employee_name`, `branch_id`, `ram_gb`, `storage_capacity_gb`, `storage_type`, `os`, `cpu`, `notes`, `model`, `year`, `is_training`, `warranty_start`, `warranty_end`, `created_at`, `updated_at`) VALUES ('abcd2b0a-eaff-46d3-9716-63bc971a6f48', 'BWYVRP2', 'DESKTOP', 'IN_USE', 'Gabriel Ferreira', 'br-guaira', 8, 256, 'SSD_SATA', 'Windows 11', 'I5 7500', '', 'OPTIPLEX 3050 SMALL FORM FACTOR', 2018, 0, NULL, NULL, '2026-03-10T12:23:43Z', '2026-03-10T12:23:43Z');
INSERT INTO `assets` (`id`, `service_tag`, `equipment_type`, `status`, `employee_name`, `branch_id`, `ram_gb`, `storage_capacity_gb`, `storage_type`, `os`, `cpu`, `notes`, `model`, `year`, `is_training`, `warranty_start`, `warranty_end`, `created_at`, `updated_at`) VALUES ('3fe49100-0e3a-465d-b988-ae48b31297c2', '7K7F2M2', 'DESKTOP', 'IN_USE', 'Victor Hugo Floro da Silva', 'br-guaira', 8, 500, 'SSD_SATA', 'Windows 11', 'I5 7500', '', 'OPTIPLEX 3050 SMALL FORM FACTOR', 2017, 0, NULL, NULL, '2026-03-10T12:25:35Z', '2026-03-10T12:25:35Z');
INSERT INTO `assets` (`id`, `service_tag`, `equipment_type`, `status`, `employee_name`, `branch_id`, `ram_gb`, `storage_capacity_gb`, `storage_type`, `os`, `cpu`, `notes`, `model`, `year`, `is_training`, `warranty_start`, `warranty_end`, `created_at`, `updated_at`) VALUES ('8cfd6504-1aa8-41a8-af5b-cb826a79c9da', 'BX0ZRP2', 'DESKTOP', 'IN_USE', 'CENS GUAIRA', 'br-guaira', 8, 1000, 'HDD', 'Windows 10', 'I5 7500', '', 'OPTIPLEX 3050 SMALL FORM FACTOR', 2018, 0, NULL, NULL, '2026-03-10T12:29:12Z', '2026-03-10T12:29:12Z');
INSERT INTO `assets` (`id`, `service_tag`, `equipment_type`, `status`, `employee_name`, `branch_id`, `ram_gb`, `storage_capacity_gb`, `storage_type`, `os`, `cpu`, `notes`, `model`, `year`, `is_training`, `warranty_start`, `warranty_end`, `created_at`, `updated_at`) VALUES ('2b69aa8a-fbae-4085-85fb-384c3d42471c', 'HNH17X3', 'NOTEBOOK', 'IN_USE', 'Tiago Alves Paixao Cipriano', 'br-guaira', 8, 500, 'SSD_NVME', 'Windows 11', 'I5 1135', '', 'VOSTRO 15 3510', 2023, 0, NULL, NULL, '2026-03-10T12:31:31Z', '2026-03-10T12:31:31Z');
INSERT INTO `assets` (`id`, `service_tag`, `equipment_type`, `status`, `employee_name`, `branch_id`, `ram_gb`, `storage_capacity_gb`, `storage_type`, `os`, `cpu`, `notes`, `model`, `year`, `is_training`, `warranty_start`, `warranty_end`, `created_at`, `updated_at`) VALUES ('06a50ca2-2abd-4a68-a45e-d6995f0e192b', '2FTVN74', 'NOTEBOOK', 'IN_USE', 'Elias Neri da Silva Neto', 'br-guaira', 16, 500, 'SSD_NVME', 'Windows 11', 'I7 1365G7', '', 'LATITUDE 3550', 2025, 0, NULL, NULL, '2026-03-10T12:37:46Z', '2026-03-10T12:37:46Z');
INSERT INTO `assets` (`id`, `service_tag`, `equipment_type`, `status`, `employee_name`, `branch_id`, `ram_gb`, `storage_capacity_gb`, `storage_type`, `os`, `cpu`, `notes`, `model`, `year`, `is_training`, `warranty_start`, `warranty_end`, `created_at`, `updated_at`) VALUES ('de98fe9c-efd0-430f-b31d-dabc0b77ccb3', 'G7JBZS3', 'NOTEBOOK', 'IN_USE', 'Emilio Henrique de Souza', 'br-guaira', 8, 500, 'SSD_NVME', 'Windows 11', 'I5 1135', '', 'LATITUDE 3420', 2022, 0, NULL, NULL, '2026-03-10T12:44:09Z', '2026-03-10T12:44:09Z');
INSERT INTO `assets` (`id`, `service_tag`, `equipment_type`, `status`, `employee_name`, `branch_id`, `ram_gb`, `storage_capacity_gb`, `storage_type`, `os`, `cpu`, `notes`, `model`, `year`, `is_training`, `warranty_start`, `warranty_end`, `created_at`, `updated_at`) VALUES ('9a85978f-6f3b-4ae4-84dd-c9057d3bbc87', 'G9DKLG2', 'NOTEBOOK', 'IN_USE', 'Gabriel Totoli Azevedo', 'br-guaira', 12, 500, 'SSD_SATA', 'Windows 10', 'I5 5200', '', 'INPIRION 5458', 2016, 0, NULL, NULL, '2026-03-10T12:46:51Z', '2026-03-10T12:46:51Z');
INSERT INTO `assets` (`id`, `service_tag`, `equipment_type`, `status`, `employee_name`, `branch_id`, `ram_gb`, `storage_capacity_gb`, `storage_type`, `os`, `cpu`, `notes`, `model`, `year`, `is_training`, `warranty_start`, `warranty_end`, `created_at`, `updated_at`) VALUES ('c9b5fe1e-0e10-4c1b-b334-c25e7fbccbeb', 'CLYQL43', 'NOTEBOOK', 'IN_USE', 'Igor Henrique Goulart Garcia', 'br-guaira', 8, 256, 'SSD_SATA', 'Windows 11', 'I5 8265', '', 'VOSTRO 3583', 2020, 0, NULL, NULL, '2026-03-10T13:05:56Z', '2026-03-10T13:05:56Z');
INSERT INTO `assets` (`id`, `service_tag`, `equipment_type`, `status`, `employee_name`, `branch_id`, `ram_gb`, `storage_capacity_gb`, `storage_type`, `os`, `cpu`, `notes`, `model`, `year`, `is_training`, `warranty_start`, `warranty_end`, `created_at`, `updated_at`) VALUES ('4632d5b3-e322-4563-a111-0c412b1c2d0b', 'DBS0R23', 'DESKTOP', 'IN_USE', 'Eduarda Ferreira (ALMOXARIFADO)', 'br-guaira', 8, 256, 'SSD_SATA', 'Windows 11', 'I5 9500', '', 'OPTIPLEX 3070 SMALL FORM FACTOR ', 2020, 0, NULL, NULL, '2026-03-10T13:07:29Z', '2026-03-10T13:07:35Z');
INSERT INTO `assets` (`id`, `service_tag`, `equipment_type`, `status`, `employee_name`, `branch_id`, `ram_gb`, `storage_capacity_gb`, `storage_type`, `os`, `cpu`, `notes`, `model`, `year`, `is_training`, `warranty_start`, `warranty_end`, `created_at`, `updated_at`) VALUES ('1d12537d-4e97-4b94-801e-d9b0f6501dc4', 'BCHTWQ2', 'DESKTOP', 'IN_USE', 'Rickelme Almeida Ribeiro (ALMOXARIFADO)', 'br-guaira', 8, 256, 'SSD_SATA', 'Windows 10', 'I5 7500', '', 'OPTI PLEX 3050 SMALL FORM FACTOR ', 2018, 0, NULL, NULL, '2026-03-10T13:09:29Z', '2026-03-10T13:09:29Z');
INSERT INTO `assets` (`id`, `service_tag`, `equipment_type`, `status`, `employee_name`, `branch_id`, `ram_gb`, `storage_capacity_gb`, `storage_type`, `os`, `cpu`, `notes`, `model`, `year`, `is_training`, `warranty_start`, `warranty_end`, `created_at`, `updated_at`) VALUES ('7c0d8f5c-3c47-4080-8a30-514360a910b8', '5SWX6X3', 'NOTEBOOK', 'IN_USE', 'Izabela Cristina Garcia', 'br-barretos', 16, 500, 'SSD_NVME', 'Windows 11', 'I7 1165G7', '', 'LATITUDE 3420', 2023, 0, NULL, NULL, '2026-03-10T13:57:22Z', '2026-03-10T13:57:22Z');
INSERT INTO `assets` (`id`, `service_tag`, `equipment_type`, `status`, `employee_name`, `branch_id`, `ram_gb`, `storage_capacity_gb`, `storage_type`, `os`, `cpu`, `notes`, `model`, `year`, `is_training`, `warranty_start`, `warranty_end`, `created_at`, `updated_at`) VALUES ('7c0a0839-7a1a-406a-9083-8a5c0ea9c60f', 'D788K03', 'NOTEBOOK', 'IN_USE', 'Fabio Silva', 'br-barretos', 8, 256, 'SSD_SATA', 'Windows 11', 'I5 8265', '', 'VOSTRO 3583', 2019, 0, NULL, NULL, '2026-03-10T13:59:15Z', '2026-03-10T13:59:15Z');
INSERT INTO `assets` (`id`, `service_tag`, `equipment_type`, `status`, `employee_name`, `branch_id`, `ram_gb`, `storage_capacity_gb`, `storage_type`, `os`, `cpu`, `notes`, `model`, `year`, `is_training`, `warranty_start`, `warranty_end`, `created_at`, `updated_at`) VALUES ('d75f995e-cb50-4c8c-adf6-4fda3899626a', 'D7G6K03', 'NOTEBOOK', 'IN_USE', 'Caroline Araujo', 'br-barretos', 12, 256, 'SSD_NVME', 'Windows 11', 'I5 8265', '', 'VOSTRO 3583', 2019, 0, NULL, NULL, '2026-03-10T14:01:54Z', '2026-03-10T14:01:54Z');
INSERT INTO `assets` (`id`, `service_tag`, `equipment_type`, `status`, `employee_name`, `branch_id`, `ram_gb`, `storage_capacity_gb`, `storage_type`, `os`, `cpu`, `notes`, `model`, `year`, `is_training`, `warranty_start`, `warranty_end`, `created_at`, `updated_at`) VALUES ('4e482551-5cb9-4a75-9043-2e447d12a6e3', 'GQ3G294', 'NOTEBOOK', 'IN_USE', 'Claudia Marques Barbosa', 'br-barretos', 16, 500, 'SSD_NVME', 'Windows 11', 'I7 1365G7', '', 'LATITUDE 3450', 2025, 0, NULL, NULL, '2026-03-10T14:04:20Z', '2026-03-10T14:04:20Z');
INSERT INTO `assets` (`id`, `service_tag`, `equipment_type`, `status`, `employee_name`, `branch_id`, `ram_gb`, `storage_capacity_gb`, `storage_type`, `os`, `cpu`, `notes`, `model`, `year`, `is_training`, `warranty_start`, `warranty_end`, `created_at`, `updated_at`) VALUES ('24ab58ef-3861-4253-a4ae-ae710e6e750f', 'DXW4YW3', 'NOTEBOOK', 'IN_USE', 'Felipe de Paula Martins', 'br-barretos', 8, 256, 'SSD_NVME', 'Windows 11', 'I5 1235U', '', 'VOSTRO 5320', 2023, 0, NULL, NULL, '2026-03-10T14:06:19Z', '2026-03-10T14:06:19Z');
INSERT INTO `assets` (`id`, `service_tag`, `equipment_type`, `status`, `employee_name`, `branch_id`, `ram_gb`, `storage_capacity_gb`, `storage_type`, `os`, `cpu`, `notes`, `model`, `year`, `is_training`, `warranty_start`, `warranty_end`, `created_at`, `updated_at`) VALUES ('e35165a1-9da5-4a95-b93b-0846347377e3', '7K6F2M2', 'DESKTOP', 'IN_USE', 'Bruno da Foncesca Fernandes', 'br-barretos', 8, 256, 'SSD_SATA', 'Windows 11', 'I5 7500', '', 'OPTI PLEX 3050 SMALL FORM FACTOR ', 2017, 0, NULL, NULL, '2026-03-10T14:08:16Z', '2026-03-10T14:08:16Z');
INSERT INTO `assets` (`id`, `service_tag`, `equipment_type`, `status`, `employee_name`, `branch_id`, `ram_gb`, `storage_capacity_gb`, `storage_type`, `os`, `cpu`, `notes`, `model`, `year`, `is_training`, `warranty_start`, `warranty_end`, `created_at`, `updated_at`) VALUES ('e740198b-c537-4aa0-8801-b8a2978bd340', 'GRWSVN2', 'DESKTOP', 'IN_USE', 'Marcos Lima', 'br-barretos', 8, 256, 'SSD_SATA', 'Windows 11', 'I5 7500', '', 'OPTI PLEX 3050 MICRO', 2018, 0, NULL, NULL, '2026-03-10T14:10:03Z', '2026-03-10T14:10:03Z');
INSERT INTO `assets` (`id`, `service_tag`, `equipment_type`, `status`, `employee_name`, `branch_id`, `ram_gb`, `storage_capacity_gb`, `storage_type`, `os`, `cpu`, `notes`, `model`, `year`, `is_training`, `warranty_start`, `warranty_end`, `created_at`, `updated_at`) VALUES ('94392ead-37e5-49ab-a805-726e3f0c0bd5', 'C7WLHJ2', 'DESKTOP', 'IN_USE', 'Itan Kauan Lopes (AMOXARIFADO)', 'br-barretos', 8, 256, 'SSD_SATA', 'Windows 11', 'I5 6500', '', 'OPTIPLEX 3040 SMALL FORM FACTOR', 2017, 0, NULL, NULL, '2026-03-10T14:12:24Z', '2026-03-10T14:16:28Z');
INSERT INTO `assets` (`id`, `service_tag`, `equipment_type`, `status`, `employee_name`, `branch_id`, `ram_gb`, `storage_capacity_gb`, `storage_type`, `os`, `cpu`, `notes`, `model`, `year`, `is_training`, `warranty_start`, `warranty_end`, `created_at`, `updated_at`) VALUES ('e0d84f1f-7ab7-4625-b69f-24ba19cbe8a2', '21FLVN2', 'DESKTOP', 'IN_USE', 'Camila Gomes Lopes (ALMOXARIFADO)', 'br-barretos', 8, 256, 'SSD_SATA', 'Windows 11', 'I5 7500', '', 'OPTIPLEX 3050 SMALL FORM FACTOR ', 2018, 0, NULL, NULL, '2026-03-10T14:14:31Z', '2026-03-10T14:17:53Z');
INSERT INTO `assets` (`id`, `service_tag`, `equipment_type`, `status`, `employee_name`, `branch_id`, `ram_gb`, `storage_capacity_gb`, `storage_type`, `os`, `cpu`, `notes`, `model`, `year`, `is_training`, `warranty_start`, `warranty_end`, `created_at`, `updated_at`) VALUES ('57ee9112-d694-4e97-8f7b-28c0e94bfcf4', 'BWZ1SP2', 'DESKTOP', 'IN_USE', 'Milton Ovidio Junior (ALMOXARIFADO)', 'br-barretos', 8, 256, 'SSD_SATA', 'Windows 11', 'I5 7500', '', 'OPTIPLEX 3050 SMALL FORM FACTOR ', 2018, 0, NULL, NULL, '2026-03-10T14:16:17Z', '2026-03-10T14:17:59Z');
INSERT INTO `assets` (`id`, `service_tag`, `equipment_type`, `status`, `employee_name`, `branch_id`, `ram_gb`, `storage_capacity_gb`, `storage_type`, `os`, `cpu`, `notes`, `model`, `year`, `is_training`, `warranty_start`, `warranty_end`, `created_at`, `updated_at`) VALUES ('2faa4db2-3995-47eb-bc69-65df6960acc9', 'C7XSHJ2', 'DESKTOP', 'IN_USE', 'Ivia Silva Vieira', 'br-barretos', 8, 256, 'SSD_SATA', 'Windows 11', 'I5 6500', '', 'OPTIPLEX 3040 SMALL FORM FACTOR', 2017, 0, NULL, NULL, '2026-03-10T15:12:10Z', '2026-03-10T15:12:10Z');
INSERT INTO `assets` (`id`, `service_tag`, `equipment_type`, `status`, `employee_name`, `branch_id`, `ram_gb`, `storage_capacity_gb`, `storage_type`, `os`, `cpu`, `notes`, `model`, `year`, `is_training`, `warranty_start`, `warranty_end`, `created_at`, `updated_at`) VALUES ('f74b9e1c-1e21-4a04-b409-530a50474982', 'B9QWH34', 'NOTEBOOK', 'IN_USE', 'Felipe Marques', 'br-barretos', 8, 256, 'SSD_NVME', 'Windows 11', 'I7 1365G7', '', 'LATITUDE 3440', 2024, 0, NULL, NULL, '2026-03-10T15:16:43Z', '2026-03-10T15:16:43Z');
INSERT INTO `assets` (`id`, `service_tag`, `equipment_type`, `status`, `employee_name`, `branch_id`, `ram_gb`, `storage_capacity_gb`, `storage_type`, `os`, `cpu`, `notes`, `model`, `year`, `is_training`, `warranty_start`, `warranty_end`, `created_at`, `updated_at`) VALUES ('65904fce-e3ca-4787-9cf2-24e004d0476f', '84XMDX3', 'NOTEBOOK', 'IN_USE', 'Kessilin Silva dos Santos Garcia', 'br-bebedouro', 16, 256, 'SSD_NVME', 'Windows 11', 'I5 1135', '', 'VOSTRO 15 3510', 2023, 0, NULL, NULL, '2026-03-10T16:25:54Z', '2026-03-10T16:25:54Z');
INSERT INTO `assets` (`id`, `service_tag`, `equipment_type`, `status`, `employee_name`, `branch_id`, `ram_gb`, `storage_capacity_gb`, `storage_type`, `os`, `cpu`, `notes`, `model`, `year`, `is_training`, `warranty_start`, `warranty_end`, `created_at`, `updated_at`) VALUES ('e8db95dd-866d-49ae-9b3a-043006484e73', '6YDFYL3', 'NOTEBOOK', 'IN_USE', 'Rubia Maira Quinelato Marton', 'br-bebedouro', 16, 256, 'SSD_NVME', 'Windows 11', 'I5 1035', '', 'VOSTRO 15 3510', 2022, 0, NULL, NULL, '2026-03-10T16:30:55Z', '2026-03-10T16:31:17Z');
INSERT INTO `assets` (`id`, `service_tag`, `equipment_type`, `status`, `employee_name`, `branch_id`, `ram_gb`, `storage_capacity_gb`, `storage_type`, `os`, `cpu`, `notes`, `model`, `year`, `is_training`, `warranty_start`, `warranty_end`, `created_at`, `updated_at`) VALUES ('9ebf8e58-eabb-46f7-ba7f-6d8e3df827dd', '8DBXH34', 'NOTEBOOK', 'IN_USE', 'Eduardo Marioto', 'br-bebedouro', 16, 256, 'SSD_NVME', 'Windows 11', 'I5 1235', '', 'LATITUDE 3520', 2024, 0, NULL, NULL, '2026-03-10T16:36:44Z', '2026-03-10T16:36:57Z');
INSERT INTO `assets` (`id`, `service_tag`, `equipment_type`, `status`, `employee_name`, `branch_id`, `ram_gb`, `storage_capacity_gb`, `storage_type`, `os`, `cpu`, `notes`, `model`, `year`, `is_training`, `warranty_start`, `warranty_end`, `created_at`, `updated_at`) VALUES ('caf32bdf-ac61-4210-83e8-40ec9f0f1284', 'B4M0XQ2', 'DESKTOP', 'IN_USE', 'Marcelo Marques Junior', 'br-bebedouro', 8, 256, 'SSD_SATA', 'Windows 11', 'I5 7500', '', 'OPTIPLEX 3050 SMALL FORM FACTOR', 2018, 0, NULL, NULL, '2026-03-10T17:15:43Z', '2026-03-10T17:15:43Z');
INSERT INTO `assets` (`id`, `service_tag`, `equipment_type`, `status`, `employee_name`, `branch_id`, `ram_gb`, `storage_capacity_gb`, `storage_type`, `os`, `cpu`, `notes`, `model`, `year`, `is_training`, `warranty_start`, `warranty_end`, `created_at`, `updated_at`) VALUES ('ab64ad90-ceea-4701-9ccb-5c470357a939', 'FL78264', 'NOTEBOOK', 'IN_USE', 'Paulo Sergio Bertonhi FIlho', 'br-bebedouro', 16, 500, 'SSD_NVME', 'Windows 11', 'I7 1335', '', 'LATITUDE 3550', 2024, 0, NULL, NULL, '2026-03-10T17:17:31Z', '2026-03-10T17:17:31Z');
INSERT INTO `assets` (`id`, `service_tag`, `equipment_type`, `status`, `employee_name`, `branch_id`, `ram_gb`, `storage_capacity_gb`, `storage_type`, `os`, `cpu`, `notes`, `model`, `year`, `is_training`, `warranty_start`, `warranty_end`, `created_at`, `updated_at`) VALUES ('6f35f7d1-b634-41a5-91f9-d598f57249f5', '9S8N4T3', 'NOTEBOOK', 'IN_USE', 'Nathalia Simeão', 'br-bebedouro', 16, 500, 'SSD_NVME', 'Windows 11', 'I5 1135', '', 'LATITUDE 3420', 2022, 0, NULL, NULL, '2026-03-10T17:20:40Z', '2026-03-10T17:20:40Z');
INSERT INTO `assets` (`id`, `service_tag`, `equipment_type`, `status`, `employee_name`, `branch_id`, `ram_gb`, `storage_capacity_gb`, `storage_type`, `os`, `cpu`, `notes`, `model`, `year`, `is_training`, `warranty_start`, `warranty_end`, `created_at`, `updated_at`) VALUES ('176a225c-9258-425a-b67a-57784ba8b34d', '6DHKGR3', 'NOTEBOOK', 'IN_USE', 'Taynan Vechiato de Oliveira', 'br-bebedouro', 16, 500, 'SSD_NVME', 'Windows 11', 'I5 1135', '', 'LATITUDE 3420', 2022, 0, NULL, NULL, '2026-03-10T17:24:59Z', '2026-03-10T17:24:59Z');
INSERT INTO `assets` (`id`, `service_tag`, `equipment_type`, `status`, `employee_name`, `branch_id`, `ram_gb`, `storage_capacity_gb`, `storage_type`, `os`, `cpu`, `notes`, `model`, `year`, `is_training`, `warranty_start`, `warranty_end`, `created_at`, `updated_at`) VALUES ('d4426ddf-089b-4661-8b65-13bbf838ab73', 'HRWX6X3', 'NOTEBOOK', 'IN_USE', 'Ana Carolina da Cruz Uzarte', 'br-bebedouro', 16, 500, 'SSD_NVME', 'Windows 11', 'I7 1165G7', '', 'LATITUDE 3420', 2023, 0, NULL, NULL, '2026-03-10T17:27:35Z', '2026-03-10T17:27:35Z');
INSERT INTO `assets` (`id`, `service_tag`, `equipment_type`, `status`, `employee_name`, `branch_id`, `ram_gb`, `storage_capacity_gb`, `storage_type`, `os`, `cpu`, `notes`, `model`, `year`, `is_training`, `warranty_start`, `warranty_end`, `created_at`, `updated_at`) VALUES ('61883a76-3539-437e-95cc-b2e482343987', 'FG3K1M3', 'NOTEBOOK', 'IN_USE', 'Gustavo Gois', 'br-bebedouro', 12, 256, 'SSD_NVME', 'Windows 11', 'I7 1165G7', '', 'VOSTRO 3400', 2022, 0, NULL, NULL, '2026-03-10T17:29:09Z', '2026-03-10T17:29:09Z');
INSERT INTO `assets` (`id`, `service_tag`, `equipment_type`, `status`, `employee_name`, `branch_id`, `ram_gb`, `storage_capacity_gb`, `storage_type`, `os`, `cpu`, `notes`, `model`, `year`, `is_training`, `warranty_start`, `warranty_end`, `created_at`, `updated_at`) VALUES ('f0fcef8b-dd31-452d-905f-6aff6748dc52', 'D9Z7NM3', 'NOTEBOOK', 'IN_USE', 'Cristiane Nascimento', 'br-bebedouro', 8, 256, 'SSD_NVME', 'Windows 11', 'I5 1035', '', 'VOSTRO 15 3510', 2022, 0, NULL, NULL, '2026-03-10T17:31:18Z', '2026-03-10T17:31:18Z');
INSERT INTO `assets` (`id`, `service_tag`, `equipment_type`, `status`, `employee_name`, `branch_id`, `ram_gb`, `storage_capacity_gb`, `storage_type`, `os`, `cpu`, `notes`, `model`, `year`, `is_training`, `warranty_start`, `warranty_end`, `created_at`, `updated_at`) VALUES ('1d9c64bd-ec23-4101-8e1b-256b8dffa40c', '4PH17X3', 'NOTEBOOK', 'IN_USE', 'Romulo Eliezer Catanio', 'br-bebedouro', 16, 500, 'SSD_NVME', 'Windows 11', 'I5 1135', '', 'VOSTRO 15 3510', 2023, 0, NULL, NULL, '2026-03-10T17:33:24Z', '2026-03-10T17:33:24Z');
INSERT INTO `assets` (`id`, `service_tag`, `equipment_type`, `status`, `employee_name`, `branch_id`, `ram_gb`, `storage_capacity_gb`, `storage_type`, `os`, `cpu`, `notes`, `model`, `year`, `is_training`, `warranty_start`, `warranty_end`, `created_at`, `updated_at`) VALUES ('9500b244-44ae-4dfa-8361-0d1e8ef74d88', '9PSNJ34', 'NOTEBOOK', 'IN_USE', 'Victor Rodrigo Andrade', 'br-bebedouro', 8, 500, 'SSD_NVME', 'Windows 11', 'I5 1235', '', 'LATITUDE 3440', 2024, 0, NULL, NULL, '2026-03-10T17:38:10Z', '2026-03-10T17:38:10Z');
INSERT INTO `assets` (`id`, `service_tag`, `equipment_type`, `status`, `employee_name`, `branch_id`, `ram_gb`, `storage_capacity_gb`, `storage_type`, `os`, `cpu`, `notes`, `model`, `year`, `is_training`, `warranty_start`, `warranty_end`, `created_at`, `updated_at`) VALUES ('f3dc4a27-837f-4149-a1b4-9baa1b14de85', '1PH17X3', 'NOTEBOOK', 'IN_USE', 'Ladislau Neto', 'br-bebedouro', 8, 500, 'SSD_NVME', 'Windows 11', 'I5 1135', '', 'VOSTRO 15 3510', 2023, 0, NULL, NULL, '2026-03-10T17:40:25Z', '2026-03-10T17:40:25Z');
INSERT INTO `assets` (`id`, `service_tag`, `equipment_type`, `status`, `employee_name`, `branch_id`, `ram_gb`, `storage_capacity_gb`, `storage_type`, `os`, `cpu`, `notes`, `model`, `year`, `is_training`, `warranty_start`, `warranty_end`, `created_at`, `updated_at`) VALUES ('9ac43de1-ede5-4e3e-a419-e7a8e6b9c6c5', '545THJ2', 'DESKTOP', 'IN_USE', 'ALMOXARIFADO (BEBEDOURO)', 'br-bebedouro', 8, 500, 'SSD_SATA', 'Windows 10', 'I5 6500', '', 'OPTIPLEX 3040 SMALL FORM FACTOR', 2017, 0, NULL, NULL, '2026-03-10T17:44:42Z', '2026-03-10T17:46:21Z');
INSERT INTO `assets` (`id`, `service_tag`, `equipment_type`, `status`, `employee_name`, `branch_id`, `ram_gb`, `storage_capacity_gb`, `storage_type`, `os`, `cpu`, `notes`, `model`, `year`, `is_training`, `warranty_start`, `warranty_end`, `created_at`, `updated_at`) VALUES ('dcd548af-df6b-4322-a4b9-81026f8981d8', 'FN7JSY2', 'DESKTOP', 'IN_USE', 'ALMOXARIFADO', 'br-bebedouro', 8, 256, 'SSD_SATA', 'Windows 11', 'I5 9500', '', 'OPTIPLEX 3070 SMALL FORM FACTOR ', 2019, 0, NULL, NULL, '2026-03-10T17:53:29Z', '2026-03-10T17:53:29Z');
INSERT INTO `assets` (`id`, `service_tag`, `equipment_type`, `status`, `employee_name`, `branch_id`, `ram_gb`, `storage_capacity_gb`, `storage_type`, `os`, `cpu`, `notes`, `model`, `year`, `is_training`, `warranty_start`, `warranty_end`, `created_at`, `updated_at`) VALUES ('93d0693a-eae9-4d20-ab47-ee1b4cc3841b', '78JBZS3', 'NOTEBOOK', 'IN_USE', 'Victor Machado', 'br-riopreto', 8, 500, 'SSD_NVME', 'Windows 11', 'I5 1135', '', 'LATITUDE 3420', 2022, 0, NULL, NULL, '2026-03-11T19:45:16Z', '2026-03-11T19:45:22Z');

-- asset_audit: 206 registros
INSERT INTO `asset_audit` (`id`, `asset_id`, `changed_at`, `changes_json`) VALUES ('0c68a115-62f3-4016-aea8-49cd44f8889f', 'dea04201-0e69-43ab-b0ec-be6cce020367', '2026-02-22T18:34:28Z', '{"acao":"CRIADO","service_tag":"HQ0KB93"}');
INSERT INTO `asset_audit` (`id`, `asset_id`, `changed_at`, `changes_json`) VALUES ('b783529a-7900-4612-a50a-36127857bb45', '2f5b6fea-d72f-4162-a127-8bb7c0ef7a18', '2026-02-23T13:34:05Z', '{"acao":"CRIADO","service_tag":"3C7KKZ3"}');
INSERT INTO `asset_audit` (`id`, `asset_id`, `changed_at`, `changes_json`) VALUES ('ec0fe4dc-7549-4e8e-bfa1-4cf0310eb8ac', '2e2d291d-fddf-460f-b94e-c56c181110c0', '2026-02-23T13:40:02Z', '{"acao":"CRIADO","service_tag":"6C4RN34"}');
INSERT INTO `asset_audit` (`id`, `asset_id`, `changed_at`, `changes_json`) VALUES ('cc923504-93d8-4b90-853d-96eb0ef859c6', '68b186e9-cdf1-4933-a19f-eba76f8b3291', '2026-02-23T13:57:35Z', '{"acao":"CRIADO","service_tag":"FK3K1M3"}');
INSERT INTO `asset_audit` (`id`, `asset_id`, `changed_at`, `changes_json`) VALUES ('2c874dfe-ae6b-4d57-9c3f-057180721a1c', '62f57458-746c-48e5-a53b-1bfadde36842', '2026-02-23T14:03:08Z', '{"acao":"CRIADO","service_tag":"RUJB7T9"}');
INSERT INTO `asset_audit` (`id`, `asset_id`, `changed_at`, `changes_json`) VALUES ('52217414-6dd2-47a0-91f2-8e1e85cccfde', '62f57458-746c-48e5-a53b-1bfadde36842', '2026-02-23T14:04:12Z', '{"acao":"ATUALIZADO","service_tag":{"de":"RUJB7T9","para":"1PSXQ54"}}');
INSERT INTO `asset_audit` (`id`, `asset_id`, `changed_at`, `changes_json`) VALUES ('524c97a9-3d6c-4a6e-9cdc-5b59a0b4c995', '62f57458-746c-48e5-a53b-1bfadde36842', '2026-02-23T14:05:51Z', '{"acao":"ATUALIZADO"}');
INSERT INTO `asset_audit` (`id`, `asset_id`, `changed_at`, `changes_json`) VALUES ('71d80ad1-c41f-415f-b845-168d009f1ec1', '06bd2d7b-0a9d-4e79-a89d-3fb555c3929e', '2026-02-23T14:37:03Z', '{"acao":"CRIADO","service_tag":"CL6JGR3"}');
INSERT INTO `asset_audit` (`id`, `asset_id`, `changed_at`, `changes_json`) VALUES ('456c271d-6328-47f9-a76d-2f56a644da36', 'ba031f63-e335-45e0-989b-8fa28539988e', '2026-02-23T14:41:12Z', '{"acao":"CRIADO","service_tag":"FXD12L3"}');
INSERT INTO `asset_audit` (`id`, `asset_id`, `changed_at`, `changes_json`) VALUES ('29acfa98-e5c3-4a53-aa68-5bd1f31696eb', '876280d6-3f77-4650-b0d1-3ecb14c973f4', '2026-02-23T14:49:47Z', '{"acao":"CRIADO","service_tag":"J97KKZ3"}');
INSERT INTO `asset_audit` (`id`, `asset_id`, `changed_at`, `changes_json`) VALUES ('c1b97e11-18e8-4155-8126-78d816c258d3', 'ef8abb20-d6ed-4505-b232-cb62b6d2274a', '2026-02-23T14:51:47Z', '{"acao":"CRIADO","service_tag":"1F7KKZ3"}');
INSERT INTO `asset_audit` (`id`, `asset_id`, `changed_at`, `changes_json`) VALUES ('79892b24-25ae-4c06-a44e-cd2c2d4968e0', 'ef8abb20-d6ed-4505-b232-cb62b6d2274a', '2026-02-23T14:51:54Z', '{"acao":"ATUALIZADO","status":{"de":"STOCK","para":"IN_USE"}}');
INSERT INTO `asset_audit` (`id`, `asset_id`, `changed_at`, `changes_json`) VALUES ('402e6289-742b-49c3-937e-b817e401172a', '2de76f85-e7aa-4862-a6ca-510b7b3a64d7', '2026-02-23T14:55:28Z', '{"acao":"CRIADO","service_tag":"77JBZS3"}');
INSERT INTO `asset_audit` (`id`, `asset_id`, `changed_at`, `changes_json`) VALUES ('48b1acc9-5e9f-47ba-b7fd-08bd42f8a0b6', '00958814-1fa3-4b42-a42d-dbbc03d2a26d', '2026-02-23T14:58:23Z', '{"acao":"CRIADO","service_tag":"HC7KKZ3"}');
INSERT INTO `asset_audit` (`id`, `asset_id`, `changed_at`, `changes_json`) VALUES ('01d56d0b-4e00-4e7d-aeb8-88a4b099ecdc', '197b53a6-3869-487a-9359-ffa2c48dcc03', '2026-02-23T15:01:45Z', '{"acao":"CRIADO","service_tag":"DB7KKZ3"}');
INSERT INTO `asset_audit` (`id`, `asset_id`, `changed_at`, `changes_json`) VALUES ('8d568d82-272b-4011-988c-8c617f3ac2f5', '16362a68-8b4f-44d0-82cd-f6b2ec42deb3', '2026-02-23T15:10:20Z', '{"acao":"CRIADO","service_tag":"5TPFJ34"}');
INSERT INTO `asset_audit` (`id`, `asset_id`, `changed_at`, `changes_json`) VALUES ('99780519-8b47-42f2-95e3-6216cd4f9226', 'a0417da1-8d4b-452d-95fe-c059dd5333ad', '2026-02-23T16:27:09Z', '{"acao":"CRIADO","service_tag":"G97KKZ3"}');
INSERT INTO `asset_audit` (`id`, `asset_id`, `changed_at`, `changes_json`) VALUES ('4d2bca7c-279e-41d6-995b-ff7f9111017f', '59e6de11-7d1d-4d2f-b3f1-daf9df497a60', '2026-02-23T16:32:41Z', '{"acao":"CRIADO","service_tag":"HB7KKZ3"}');
INSERT INTO `asset_audit` (`id`, `asset_id`, `changed_at`, `changes_json`) VALUES ('e99d41e0-d69b-4d90-a618-9012c8f91ad4', '2a769dd5-d7e6-4d1d-a407-b2b11be3080e', '2026-02-23T16:41:31Z', '{"acao":"CRIADO","service_tag":"HXD8VW2"}');
INSERT INTO `asset_audit` (`id`, `asset_id`, `changed_at`, `changes_json`) VALUES ('42c8a2f3-491c-4985-9591-557379beb565', '1e4df473-e4b6-4a37-b32c-261dba5c26bb', '2026-02-23T16:48:50Z', '{"acao":"CRIADO","service_tag":"HNSXQ54"}');
INSERT INTO `asset_audit` (`id`, `asset_id`, `changed_at`, `changes_json`) VALUES ('a8bd9bbe-e8c1-4ea5-82f1-56e37f636912', '7ab56991-9f64-46f9-92a1-82bb56dbad14', '2026-02-23T16:56:26Z', '{"acao":"CRIADO","service_tag":"C7ZJHJ2"}');
INSERT INTO `asset_audit` (`id`, `asset_id`, `changed_at`, `changes_json`) VALUES ('d33b2fd9-43df-4a3e-9f00-c2f229d4b1ff', '7ab56991-9f64-46f9-92a1-82bb56dbad14', '2026-02-23T16:56:38Z', '{"acao":"ATUALIZADO"}');
INSERT INTO `asset_audit` (`id`, `asset_id`, `changed_at`, `changes_json`) VALUES ('a912d58e-fc9e-4ab8-8b6d-f8d96bda2331', 'da5bb0b4-57fc-418b-a4c4-a02de570ab09', '2026-02-23T18:44:28Z', '{"acao":"CRIADO","service_tag":"6B7KKZ3"}');
INSERT INTO `asset_audit` (`id`, `asset_id`, `changed_at`, `changes_json`) VALUES ('3cf1e19a-5dc6-41da-b2c6-766e1248e3ed', '3123453e-2ec4-4bb7-9680-129f4d25f958', '2026-02-23T18:48:35Z', '{"acao":"CRIADO","service_tag":"8L6JGR3"}');
INSERT INTO `asset_audit` (`id`, `asset_id`, `changed_at`, `changes_json`) VALUES ('be0f54a6-ab30-47c5-9c6c-e6e5f5c32c62', '2ac4661c-e7d0-4a0e-8293-440a7a6c0b55', '2026-02-23T18:51:05Z', '{"acao":"CRIADO","service_tag":"J0K0SN3"}');
INSERT INTO `asset_audit` (`id`, `asset_id`, `changed_at`, `changes_json`) VALUES ('9eaf1e7b-69ae-48ce-93f9-2e22815d625f', 'e4adeb1b-5d4f-40c4-8955-f3262050d032', '2026-02-23T18:53:49Z', '{"acao":"CRIADO","service_tag":"FRWX6X3"}');
INSERT INTO `asset_audit` (`id`, `asset_id`, `changed_at`, `changes_json`) VALUES ('95ff9c09-1fcf-4e66-97ea-5622a40a3764', 'fb1a095b-923c-41ab-832a-afb8c928451f', '2026-02-23T18:57:14Z', '{"acao":"CRIADO","service_tag":"6L6JGR3"}');
INSERT INTO `asset_audit` (`id`, `asset_id`, `changed_at`, `changes_json`) VALUES ('50b2b4fb-b011-4e70-90e3-5c970480a873', '5e0d9752-1d03-49c7-8ad8-0d7af31cc672', '2026-02-23T19:00:14Z', '{"acao":"CRIADO","service_tag":"CZY40XM3"}');
INSERT INTO `asset_audit` (`id`, `asset_id`, `changed_at`, `changes_json`) VALUES ('1297b8ab-a1c7-4737-9360-96094fb337ff', '83c19b57-eae2-4201-9846-f50f281cd897', '2026-02-23T19:04:29Z', '{"acao":"CRIADO","service_tag":"FSWX6X3"}');
INSERT INTO `asset_audit` (`id`, `asset_id`, `changed_at`, `changes_json`) VALUES ('acaacb84-1802-4237-8d02-4eb397a0d349', '83c19b57-eae2-4201-9846-f50f281cd897', '2026-02-23T19:09:17Z', '{"acao":"ATUALIZADO","employee_name":{"de":"Thiago Morelatto Lopes","para":"Thiago Morelatto Lopes (ALMOXARIFADO)"}}');
INSERT INTO `asset_audit` (`id`, `asset_id`, `changed_at`, `changes_json`) VALUES ('59fbfe1f-b4ea-4682-a29c-a022bce1e2f1', 'bfc1583a-da00-427b-a2fc-a2e74ff0b388', '2026-02-23T19:14:40Z', '{"acao":"CRIADO","service_tag":"3D7KKZ3"}');
INSERT INTO `asset_audit` (`id`, `asset_id`, `changed_at`, `changes_json`) VALUES ('70dba915-b0bf-464e-9f84-084e742c77a7', 'abec6b5d-7b30-47e0-a1ea-cdb1c82fed6d', '2026-02-23T19:17:06Z', '{"acao":"CRIADO","service_tag":"F97KKZ3"}');
INSERT INTO `asset_audit` (`id`, `asset_id`, `changed_at`, `changes_json`) VALUES ('2c1d2ddb-a8fe-4ad3-bbaa-1bf4c1be785c', 'c3547df0-3cde-4641-9c18-b6b4cc6b3455', '2026-02-23T19:20:51Z', '{"acao":"CRIADO","service_tag":"408SGR3"}');
INSERT INTO `asset_audit` (`id`, `asset_id`, `changed_at`, `changes_json`) VALUES ('d239c818-fb2e-405d-a326-fc3091856bda', 'bef6b65d-8a43-4a39-a580-4bd20374ce0b', '2026-02-23T19:40:02Z', '{"acao":"CRIADO","service_tag":"C7WRHJ2"}');
INSERT INTO `asset_audit` (`id`, `asset_id`, `changed_at`, `changes_json`) VALUES ('28669244-18fb-46de-8681-b1f46d611859', '8c217075-619e-411a-9004-5b08c1c306d7', '2026-02-23T19:44:32Z', '{"acao":"CRIADO","service_tag":"8L1KC64"}');
INSERT INTO `asset_audit` (`id`, `asset_id`, `changed_at`, `changes_json`) VALUES ('409b4934-1cb2-4357-a83d-04a9fbf557c8', 'aeb57ae7-04cd-442c-8361-935cdc925c22', '2026-02-23T19:48:12Z', '{"acao":"CRIADO","service_tag":"JNSXQ54"}');
INSERT INTO `asset_audit` (`id`, `asset_id`, `changed_at`, `changes_json`) VALUES ('cd999b49-9b80-484c-a41a-8b5c7ac249aa', 'c21809b5-392b-4520-93e9-8be028326b58', '2026-02-23T19:52:02Z', '{"acao":"CRIADO","service_tag":"7DHKGR3"}');
INSERT INTO `asset_audit` (`id`, `asset_id`, `changed_at`, `changes_json`) VALUES ('3cdc9d12-b79a-4152-a4a7-4b9eca019cc8', 'ee7da30b-ce34-4adc-a4d3-f7d97c7dd6a6', '2026-02-24T11:19:31Z', '{"acao":"CRIADO","service_tag":"87JBZS3"}');
INSERT INTO `asset_audit` (`id`, `asset_id`, `changed_at`, `changes_json`) VALUES ('b51972d0-6bd0-4256-b463-ef82b2e4210e', '2f8fbe63-cbe7-4995-a6f7-9bb01b096f5e', '2026-02-24T11:21:31Z', '{"acao":"CRIADO","service_tag":"7M3K1M3"}');
INSERT INTO `asset_audit` (`id`, `asset_id`, `changed_at`, `changes_json`) VALUES ('3c564928-df07-4e99-95af-0f6dfbd85072', '99964c79-62a3-4e98-a1a7-7baecf0b97a9', '2026-02-24T11:24:10Z', '{"acao":"CRIADO","service_tag":"3MPCGR3"}');
INSERT INTO `asset_audit` (`id`, `asset_id`, `changed_at`, `changes_json`) VALUES ('825fa7dd-eeb9-4e7d-8501-1c1d8886717b', '051f0d52-c91c-400a-92d1-96e751e56ea4', '2026-02-24T11:27:01Z', '{"acao":"CRIADO","service_tag":"HT5HYP3"}');
INSERT INTO `asset_audit` (`id`, `asset_id`, `changed_at`, `changes_json`) VALUES ('de8546ef-a08b-4fab-86bb-66d4d4bf35ba', '4539b778-2d7f-44e4-b903-d4dd90e7c579', '2026-02-24T11:29:48Z', '{"acao":"CRIADO","service_tag":"DG222L3"}');
INSERT INTO `asset_audit` (`id`, `asset_id`, `changed_at`, `changes_json`) VALUES ('b6b48941-b192-4076-8361-f83a982cc630', 'ab8be615-179d-485d-a0ef-116076b1d147', '2026-02-24T11:32:00Z', '{"acao":"CRIADO","service_tag":"BLYQL43"}');
INSERT INTO `asset_audit` (`id`, `asset_id`, `changed_at`, `changes_json`) VALUES ('e0608224-06ad-45ff-a181-6e968b6ebdeb', 'f884fb93-2c58-45b4-874f-74fcd4c0d9be', '2026-02-24T11:33:54Z', '{"acao":"CRIADO","service_tag":"67JBZS3"}');
INSERT INTO `asset_audit` (`id`, `asset_id`, `changed_at`, `changes_json`) VALUES ('b9c27fc7-4f94-44ea-81fa-e8c8e79d83f4', '2667ba7e-d12b-4eca-925a-3ee5b17392f3', '2026-02-24T11:36:03Z', '{"acao":"CRIADO","service_tag":"6NJDPZ2"}');
INSERT INTO `asset_audit` (`id`, `asset_id`, `changed_at`, `changes_json`) VALUES ('3c4328cd-25f8-473b-9ebd-8469e0de9834', '3172f088-f57e-478c-af22-32c57d9336e3', '2026-02-24T11:39:42Z', '{"acao":"CRIADO","service_tag":"3PSXQ54"}');
INSERT INTO `asset_audit` (`id`, `asset_id`, `changed_at`, `changes_json`) VALUES ('7fa42bb7-a37f-44f2-a5d4-427f091f40e4', '39d61c56-76d0-464e-95ed-b402c0808fcd', '2026-02-24T11:41:46Z', '{"acao":"CRIADO","service_tag":"F7JBZS3"}');
INSERT INTO `asset_audit` (`id`, `asset_id`, `changed_at`, `changes_json`) VALUES ('69259e99-af20-4cad-8fb7-dcc67d55b923', '6052080b-03d6-4466-beb3-c3a1e89af59a', '2026-02-24T11:43:54Z', '{"acao":"CRIADO","service_tag":"6P3K1M3"}');
INSERT INTO `asset_audit` (`id`, `asset_id`, `changed_at`, `changes_json`) VALUES ('7a79e85b-003c-41d0-9ac6-4598e4f2c08a', '39d61c56-76d0-464e-95ed-b402c0808fcd', '2026-02-24T11:44:26Z', '{"acao":"ATUALIZADO","employee_name":{"de":"Larissa Helana Tatanjo","para":"Michele"}}');
INSERT INTO `asset_audit` (`id`, `asset_id`, `changed_at`, `changes_json`) VALUES ('aa9b22d5-f02a-40f7-801d-eeb1090a8aae', '095e4153-c6bf-4d8a-b9ff-c119224692f8', '2026-02-24T11:45:56Z', '{"acao":"CRIADO","service_tag":"2B7KKZ3"}');
INSERT INTO `asset_audit` (`id`, `asset_id`, `changed_at`, `changes_json`) VALUES ('e2d0303d-7b88-4142-a58f-9a9d36598f78', '5de2725b-c97d-4149-ba3c-7bc9b1fd26cf', '2026-02-24T11:47:21Z', '{"acao":"CRIADO","service_tag":"FG222L3"}');
INSERT INTO `asset_audit` (`id`, `asset_id`, `changed_at`, `changes_json`) VALUES ('196fcd7e-f000-4010-912c-0bd15fe66692', '5de2725b-c97d-4149-ba3c-7bc9b1fd26cf', '2026-02-24T11:47:53Z', '{"acao":"ATUALIZADO"}');
INSERT INTO `asset_audit` (`id`, `asset_id`, `changed_at`, `changes_json`) VALUES ('c10ed1da-6767-449a-9afd-ab7c3f9c7e4e', 'd4e144eb-823d-4449-8fa2-259b50cd7da9', '2026-02-24T11:49:22Z', '{"acao":"CRIADO","service_tag":"3SWX6X3"}');
INSERT INTO `asset_audit` (`id`, `asset_id`, `changed_at`, `changes_json`) VALUES ('3512ff85-5f41-4fda-9ce2-c82357f2a3c2', '2cced4e3-4975-42eb-800e-39e8a2f86049', '2026-02-24T11:53:50Z', '{"acao":"CRIADO","service_tag":"FYYNJB4"}');
INSERT INTO `asset_audit` (`id`, `asset_id`, `changed_at`, `changes_json`) VALUES ('e25b2724-6f22-4f81-8079-f569c38a6cb7', 'c7b1be07-e6da-48c7-962f-68078d26d2a6', '2026-02-24T11:56:01Z', '{"acao":"CRIADO","service_tag":"8SWX6X3"}');
INSERT INTO `asset_audit` (`id`, `asset_id`, `changed_at`, `changes_json`) VALUES ('9c8f13a1-be5a-4731-93cd-a47c6e9f8e99', '26e1fd0d-6342-4556-a137-1afd8c25a5d7', '2026-02-24T11:58:25Z', '{"acao":"CRIADO","service_tag":"HYY4XM3"}');
INSERT INTO `asset_audit` (`id`, `asset_id`, `changed_at`, `changes_json`) VALUES ('095276b6-dfce-4ecb-9415-2a82f6dca929', '77aec4b3-9fb5-4d92-a528-6c27bfabe399', '2026-02-24T12:00:56Z', '{"acao":"CRIADO","service_tag":"7L1KC64"}');
INSERT INTO `asset_audit` (`id`, `asset_id`, `changed_at`, `changes_json`) VALUES ('5f61c849-f9b7-4d4c-84f5-b873b39e35ac', 'ba8fe281-05ed-4304-b403-87159eef7c93', '2026-02-24T12:04:04Z', '{"acao":"CRIADO","service_tag":"9L1KC64"}');
INSERT INTO `asset_audit` (`id`, `asset_id`, `changed_at`, `changes_json`) VALUES ('6aba5400-0f9c-45b9-a782-b4b47a5268e2', '760536bb-c18b-47f5-a25d-2b7d1dc762c2', '2026-02-24T12:05:52Z', '{"acao":"CRIADO","service_tag":"48JBZS3"}');
INSERT INTO `asset_audit` (`id`, `asset_id`, `changed_at`, `changes_json`) VALUES ('ad0043a5-d6b9-4c26-ab14-1ecf37761780', '3b068fc3-b07d-4df3-b8c6-5ada09d6789b', '2026-02-24T12:07:33Z', '{"acao":"CRIADO","service_tag":"208SGR3"}');
INSERT INTO `asset_audit` (`id`, `asset_id`, `changed_at`, `changes_json`) VALUES ('c67180ac-0bcc-487a-82be-39b29de165ce', '73ae6562-b165-45f1-bfae-d671dd95860a', '2026-02-24T12:09:28Z', '{"acao":"CRIADO","service_tag":"BT0B064"}');
INSERT INTO `asset_audit` (`id`, `asset_id`, `changed_at`, `changes_json`) VALUES ('923d8312-abaa-4f14-bbc0-125c0ef46e86', '1562f3db-65b1-4642-bd06-bb8ff349b6c6', '2026-02-24T12:12:27Z', '{"acao":"CRIADO","service_tag":"4C7KKZ3"}');
INSERT INTO `asset_audit` (`id`, `asset_id`, `changed_at`, `changes_json`) VALUES ('f9fe4e8d-781b-4aaa-89d2-0a93495a93a7', '6212bf14-0698-41d9-b514-588957a0ac2a', '2026-02-24T12:14:46Z', '{"acao":"CRIADO","service_tag":"GD7KKZ3"}');
INSERT INTO `asset_audit` (`id`, `asset_id`, `changed_at`, `changes_json`) VALUES ('047ba7cc-8358-4098-8eaa-3c8c5f42cf78', '76760273-b61b-41f5-b914-7964de939323', '2026-02-24T12:18:48Z', '{"acao":"CRIADO","service_tag":"BSWX6X3"}');
INSERT INTO `asset_audit` (`id`, `asset_id`, `changed_at`, `changes_json`) VALUES ('0041ba87-5337-42c6-9737-51f3097b4538', '0ee489d5-1a2c-42ff-bba6-8edcc690fba7', '2026-02-24T12:22:41Z', '{"acao":"CRIADO","service_tag":"DL6JGR3"}');
INSERT INTO `asset_audit` (`id`, `asset_id`, `changed_at`, `changes_json`) VALUES ('4dd7c2c3-ce11-47d6-8d5f-63b3e1603925', '1d9008d6-0dab-4b3a-bda8-1789b0bfa14b', '2026-02-24T12:24:58Z', '{"acao":"CRIADO","service_tag":"DC7KKZ3"}');
INSERT INTO `asset_audit` (`id`, `asset_id`, `changed_at`, `changes_json`) VALUES ('4ee51871-b8c0-4944-acaf-df2b89fa3865', '839f2005-f4ae-43e9-a52b-241c6a6224d0', '2026-02-24T12:28:06Z', '{"acao":"CRIADO","service_tag":"11PF5G3"}');
INSERT INTO `asset_audit` (`id`, `asset_id`, `changed_at`, `changes_json`) VALUES ('8b2639c9-1125-4b96-bd50-48a9b281c61d', 'a067bae1-7135-4620-be24-80f28ec16267', '2026-02-24T12:29:39Z', '{"acao":"CRIADO","service_tag":"8C7KKZ3"}');
INSERT INTO `asset_audit` (`id`, `asset_id`, `changed_at`, `changes_json`) VALUES ('42497503-310e-47f2-834b-1706682add07', 'a067bae1-7135-4620-be24-80f28ec16267', '2026-02-24T12:30:25Z', '{"acao":"ATUALIZADO","employee_name":{"de":"Pedro henrique da Costa","para":"Pedro henrique da Costa (NOTEBOOK ALMOXARIFADO)"}}');
INSERT INTO `asset_audit` (`id`, `asset_id`, `changed_at`, `changes_json`) VALUES ('cf47bf28-3a3b-4205-b065-d9f55ce38ba8', 'aa7e799a-64ce-4d5e-94d2-ddaa1128e614', '2026-02-24T12:31:42Z', '{"acao":"CRIADO","service_tag":"2C7KKZ3"}');
INSERT INTO `asset_audit` (`id`, `asset_id`, `changed_at`, `changes_json`) VALUES ('11567145-7f1e-4f28-84fc-370639e87e54', 'aa7e799a-64ce-4d5e-94d2-ddaa1128e614', '2026-02-24T12:32:03Z', '{"acao":"ATUALIZADO","employee_name":{"de":"Angela Ferreira da Costa","para":"Angela Ferreira da Costa (NOTEBOOK ALMOXARIFADO)"}}');
INSERT INTO `asset_audit` (`id`, `asset_id`, `changed_at`, `changes_json`) VALUES ('4823b89f-e739-415d-88bf-57dd9965a615', 'b3b6b6be-b1a3-4c99-a946-99008c042c81', '2026-02-24T12:45:12Z', '{"acao":"CRIADO","service_tag":"38JBZS3"}');
INSERT INTO `asset_audit` (`id`, `asset_id`, `changed_at`, `changes_json`) VALUES ('240475bf-0a38-4d39-9552-efcceab396d0', '95cf58fd-8b87-4fc9-a6b5-bee99d70b0b7', '2026-02-24T12:49:59Z', '{"acao":"CRIADO","service_tag":"6M3K1M3"}');
INSERT INTO `asset_audit` (`id`, `asset_id`, `changed_at`, `changes_json`) VALUES ('cfd04f6f-9ad0-4af8-bba0-b1e493585f76', '7c64426d-db40-4d94-9a96-ca22cf37901c', '2026-02-24T12:56:05Z', '{"acao":"CRIADO","service_tag":"4CKWQ23"}');
INSERT INTO `asset_audit` (`id`, `asset_id`, `changed_at`, `changes_json`) VALUES ('e2f22388-aa97-4cc6-a36f-2d33b6f45e61', 'f4a4e0bc-f5fa-4f28-bcd0-70c48c670dd9', '2026-02-24T13:10:56Z', '{"acao":"CRIADO","service_tag":"57JBZS3"}');
INSERT INTO `asset_audit` (`id`, `asset_id`, `changed_at`, `changes_json`) VALUES ('cbb1c56e-0604-4b93-8cac-0f36cf507a71', '10dd425d-5ebb-4ce6-8156-65204e0a7516', '2026-02-24T15:04:36Z', '{"acao":"CRIADO","service_tag":"J4ZCJ64"}');
INSERT INTO `asset_audit` (`id`, `asset_id`, `changed_at`, `changes_json`) VALUES ('019e5a29-9317-457c-b669-5277582796fc', '55f38814-a575-4172-9154-be7ecfaaea24', '2026-02-24T16:56:48Z', '{"acao":"CRIADO","service_tag":"DYYNJB4"}');
INSERT INTO `asset_audit` (`id`, `asset_id`, `changed_at`, `changes_json`) VALUES ('a8bb8a10-a066-4796-9b8e-2ed3bbc7247b', '68d1c76f-1f4e-4c02-a1d5-0ad0a0e2edb0', '2026-02-25T17:58:30Z', '{"acao":"CRIADO","service_tag":"21PF5G3"}');
INSERT INTO `asset_audit` (`id`, `asset_id`, `changed_at`, `changes_json`) VALUES ('dd8d0c60-63d5-43aa-91c7-b3899ec1c49b', '1c7575fe-f9ca-487c-bb2a-2682d4557d15', '2026-02-25T18:20:07Z', '{"acao":"CRIADO","service_tag":"H97KKZ3"}');
INSERT INTO `asset_audit` (`id`, `asset_id`, `changed_at`, `changes_json`) VALUES ('24260c7c-c954-4a15-a2d1-20e513ba7b06', '3067997b-7716-469d-ab27-57f482b78531', '2026-02-26T12:18:10Z', '{"acao":"CRIADO","service_tag":"JD7KKZ3"}');
INSERT INTO `asset_audit` (`id`, `asset_id`, `changed_at`, `changes_json`) VALUES ('daabd8ea-8f94-4576-aa55-d79a75d7e4f5', '32e8183b-8ccc-4983-8362-ed7964b4e545', '2026-02-26T14:00:04Z', '{"acao":"CRIADO","service_tag":"BC4RN34"}');
INSERT INTO `asset_audit` (`id`, `asset_id`, `changed_at`, `changes_json`) VALUES ('65cfdcdf-1b5c-45cd-9ec0-a5ddb8b5652e', '3cc273ab-9d85-4963-b8f7-27c3fe893408', '2026-02-26T14:05:21Z', '{"acao":"CRIADO","service_tag":"BRJ820RHKG"}');
INSERT INTO `asset_audit` (`id`, `asset_id`, `changed_at`, `changes_json`) VALUES ('223897fc-4064-4a80-82fe-ad1169884119', 'ce400caf-b59c-41ab-9478-59bc60d83136', '2026-02-26T14:06:35Z', '{"acao":"CRIADO","service_tag":"BB7KKZ3"}');
INSERT INTO `asset_audit` (`id`, `asset_id`, `changed_at`, `changes_json`) VALUES ('74e9c35e-16be-4331-8d86-6f92d3ecc78c', 'f43f49d2-c09c-4ba8-8cda-8a335675cd9a', '2026-02-26T18:04:19Z', '{"acao":"CRIADO","service_tag":"4B7KKZ3"}');
INSERT INTO `asset_audit` (`id`, `asset_id`, `changed_at`, `changes_json`) VALUES ('a4a041bf-184e-4749-92ee-7477c3d6e5d0', '873bfcc3-4d72-45d1-b024-7db0a38fe79d', '2026-02-26T18:08:36Z', '{"acao":"CRIADO","service_tag":"D1PF5G3"}');
INSERT INTO `asset_audit` (`id`, `asset_id`, `changed_at`, `changes_json`) VALUES ('40d38148-69f1-4850-a26d-0178c1b86e25', '17f9ceac-cc3f-4edd-b3a0-0dd92bee9114', '2026-02-26T18:56:25Z', '{"acao":"CRIADO","service_tag":"9D7KKZ3"}');
INSERT INTO `asset_audit` (`id`, `asset_id`, `changed_at`, `changes_json`) VALUES ('3226a374-1677-4eed-ad89-517377e54b28', 'fc4ca0c6-1287-42c3-a9d5-730cc5fb5d3f', '2026-03-02T14:59:30Z', '{"acao":"CRIADO","service_tag":"C7JBZS3"}');
INSERT INTO `asset_audit` (`id`, `asset_id`, `changed_at`, `changes_json`) VALUES ('d7c952a3-c6c3-4160-855c-349800ac59a7', '376dd045-9307-47c2-a327-939f0851ef7d', '2026-03-02T15:48:53Z', '{"acao":"CRIADO","service_tag":"JSWX6X3"}');
INSERT INTO `asset_audit` (`id`, `asset_id`, `changed_at`, `changes_json`) VALUES ('5f2cc077-4c6a-462c-a9b7-247af8c26bf5', 'bb32a969-a0be-4c2c-9529-1da573766d16', '2026-03-03T12:28:46Z', '{"acao":"CRIADO","service_tag":"DC4RN34"}');
INSERT INTO `asset_audit` (`id`, `asset_id`, `changed_at`, `changes_json`) VALUES ('dc63feac-1c89-4fd7-9c68-e9731f6fcf92', '6c37e98e-0fda-422b-9d5c-e6c20f60fc7b', '2026-03-03T12:30:28Z', '{"acao":"CRIADO","service_tag":"2ZY4XM3"}');
INSERT INTO `asset_audit` (`id`, `asset_id`, `changed_at`, `changes_json`) VALUES ('700761d4-936a-4f4b-915e-bef8c27ea8c6', 'dcbaf8c9-f542-45f5-a28e-5e79f39f3bb7', '2026-03-03T12:32:13Z', '{"acao":"CRIADO","service_tag":"FB7KKZ3"}');
INSERT INTO `asset_audit` (`id`, `asset_id`, `changed_at`, `changes_json`) VALUES ('144df34e-c508-4f1f-a95f-4a9ab2b9f2d9', '0227e0f9-d506-4eec-af3f-93fae2998bfd', '2026-03-03T12:34:18Z', '{"acao":"CRIADO","service_tag":"JRWX6X3"}');
INSERT INTO `asset_audit` (`id`, `asset_id`, `changed_at`, `changes_json`) VALUES ('bd740fb3-2d56-4009-98ee-2863417e25b9', 'a8d8e89e-d093-4243-a2d9-9c25f6903de8', '2026-03-03T12:36:45Z', '{"acao":"CRIADO","service_tag":"9B7KKZ3"}');
INSERT INTO `asset_audit` (`id`, `asset_id`, `changed_at`, `changes_json`) VALUES ('7de32de8-f1cb-404d-843a-36fdb3839872', '875acfc2-23df-4a1c-83e5-6dede4e2f427', '2026-03-03T12:38:48Z', '{"acao":"CRIADO","service_tag":"30Z4XM3"}');
INSERT INTO `asset_audit` (`id`, `asset_id`, `changed_at`, `changes_json`) VALUES ('1925c344-89e3-426f-b41b-2e5f0956d478', 'f6c16abd-b522-4c8e-8765-8ff376033a4f', '2026-03-03T12:43:55Z', '{"acao":"CRIADO","service_tag":"58JBZS3"}');
INSERT INTO `asset_audit` (`id`, `asset_id`, `changed_at`, `changes_json`) VALUES ('60bcb5aa-367c-4261-9905-4064ad58434c', '875acfc2-23df-4a1c-83e5-6dede4e2f427', '2026-03-03T12:44:01Z', '{"acao":"ATUALIZADO"}');
INSERT INTO `asset_audit` (`id`, `asset_id`, `changed_at`, `changes_json`) VALUES ('462e0166-6ee3-4f3a-9fc6-4dd4e2865409', 'f6c16abd-b522-4c8e-8765-8ff376033a4f', '2026-03-03T12:44:32Z', '{"acao":"ATUALIZADO","employee_name":{"de":"Brenno Mustafa Ramos da Silva","para":"Brenno Mustafa Ramos da Silva (ALMOXARIFADO)"}}');
INSERT INTO `asset_audit` (`id`, `asset_id`, `changed_at`, `changes_json`) VALUES ('fb97edcf-b0ef-4265-9728-d5d955c28e3e', 'bc9b92f8-7ef8-4bfa-b1c4-4c53b368feb6', '2026-03-03T12:53:20Z', '{"acao":"CRIADO","service_tag":"B4RRWQ2"}');
INSERT INTO `asset_audit` (`id`, `asset_id`, `changed_at`, `changes_json`) VALUES ('3e0d4789-a77d-47f6-9ab8-183ff5e684e5', 'b49ad793-80b8-477f-9ad9-c51ec33677a6', '2026-03-03T12:55:03Z', '{"acao":"CRIADO","service_tag":"1C7KKZ3"}');
INSERT INTO `asset_audit` (`id`, `asset_id`, `changed_at`, `changes_json`) VALUES ('0c80b5a7-fc0b-4e5b-b379-6881fb7c4fab', '48c4296a-70be-4ac9-93b6-b472627e32eb', '2026-03-03T12:56:59Z', '{"acao":"CRIADO","service_tag":"1G3K1M3"}');
INSERT INTO `asset_audit` (`id`, `asset_id`, `changed_at`, `changes_json`) VALUES ('5dff7542-c11b-41a8-93e2-dd8c6a85f911', '025a5e1b-ea55-4191-9f8d-a969ac5c56be', '2026-03-03T13:01:39Z', '{"acao":"CRIADO","service_tag":"J7JBZS3"}');
INSERT INTO `asset_audit` (`id`, `asset_id`, `changed_at`, `changes_json`) VALUES ('b9609dad-c938-4069-8299-62c1b277eca3', 'fb91e66c-4c7a-4ade-89ab-73e02e8e5ae6', '2026-03-03T13:03:51Z', '{"acao":"CRIADO","service_tag":"6F48YJ3"}');
INSERT INTO `asset_audit` (`id`, `asset_id`, `changed_at`, `changes_json`) VALUES ('3c30ffef-eac0-422d-9e8c-94fe60ab3263', '319848cd-b714-42e2-b8ce-7ad4fa522144', '2026-03-03T13:05:19Z', '{"acao":"CRIADO","service_tag":"3TWX6X3"}');
INSERT INTO `asset_audit` (`id`, `asset_id`, `changed_at`, `changes_json`) VALUES ('cfe0a650-52c5-47a1-9ccc-38621cffb0ee', '0a3f3f6e-57de-455c-808d-42689bc29a83', '2026-03-03T13:10:35Z', '{"acao":"CRIADO","service_tag":"JYYNJB4"}');
INSERT INTO `asset_audit` (`id`, `asset_id`, `changed_at`, `changes_json`) VALUES ('2e3530fd-520b-4f2c-91f9-d5a9be32998a', '416c4b98-9282-4a5f-8420-9927409004c5', '2026-03-03T13:14:12Z', '{"acao":"CRIADO","service_tag":"4TWX6X3"}');
INSERT INTO `asset_audit` (`id`, `asset_id`, `changed_at`, `changes_json`) VALUES ('40080375-5f03-48c6-84fd-b9e61b49e4a4', '47ce3b9f-3583-4a29-a630-5d3106d7c524', '2026-03-03T13:17:47Z', '{"acao":"CRIADO","service_tag":"GNSXQ54"}');
INSERT INTO `asset_audit` (`id`, `asset_id`, `changed_at`, `changes_json`) VALUES ('60328316-6692-4760-8abd-a92612ee1dce', '47ce3b9f-3583-4a29-a630-5d3106d7c524', '2026-03-03T13:17:51Z', '{"acao":"ATUALIZADO","status":{"de":"STOCK","para":"IN_USE"}}');
INSERT INTO `asset_audit` (`id`, `asset_id`, `changed_at`, `changes_json`) VALUES ('7d2406eb-95f9-4ff6-9c48-eb9482fbdcff', '24cdf99c-d922-4802-9247-76ee8a3485a7', '2026-03-03T13:39:03Z', '{"acao":"CRIADO","service_tag":"5D7KKZ3"}');
INSERT INTO `asset_audit` (`id`, `asset_id`, `changed_at`, `changes_json`) VALUES ('96559ba3-f4ea-4f13-870e-0ad42427283a', '29116e67-002c-4266-ba75-ca2d8ec95dd7', '2026-03-03T13:43:47Z', '{"acao":"CRIADO","service_tag":"3B7KKZ3"}');
INSERT INTO `asset_audit` (`id`, `asset_id`, `changed_at`, `changes_json`) VALUES ('0f21c459-909e-4ee0-9905-3728ef986ccb', 'c4cdb9a7-fc25-45c7-94a3-d11425f3b2da', '2026-03-03T13:45:52Z', '{"acao":"CRIADO","service_tag":"8C4RN34"}');
INSERT INTO `asset_audit` (`id`, `asset_id`, `changed_at`, `changes_json`) VALUES ('f875c6e1-d94e-4836-8326-6e07befbfb73', '646cfe2c-4aac-47c8-818f-e794e4f5df63', '2026-03-03T13:51:57Z', '{"acao":"CRIADO","service_tag":"HXG1VW2"}');
INSERT INTO `asset_audit` (`id`, `asset_id`, `changed_at`, `changes_json`) VALUES ('8c2269ec-cc53-4d75-a9f1-b9b49a4cae22', '41607804-d18f-4047-8cfd-3371841cf1ba', '2026-03-03T13:56:05Z', '{"acao":"CRIADO","service_tag":"CAT TV SIMOVA"}');
INSERT INTO `asset_audit` (`id`, `asset_id`, `changed_at`, `changes_json`) VALUES ('a2b22575-dcd2-4a27-9dc4-8ed80125cb2d', 'b010c8af-afd8-45e5-9666-4b41f87db17c', '2026-03-03T14:05:17Z', '{"acao":"CRIADO","service_tag":"CS8N4T3"}');
INSERT INTO `asset_audit` (`id`, `asset_id`, `changed_at`, `changes_json`) VALUES ('a4961562-f4c0-4d16-98d1-892f169b334c', '7f515de4-3c73-4054-87fb-1c6e75f30f08', '2026-03-03T14:10:27Z', '{"acao":"CRIADO","service_tag":"5D60LQ3"}');
INSERT INTO `asset_audit` (`id`, `asset_id`, `changed_at`, `changes_json`) VALUES ('dfdc0ed4-b6a3-4d43-a5cf-8a66bf2cd388', '74bd249f-ade9-41d9-97fb-3bf3976f4d7c', '2026-03-03T18:31:09Z', '{"acao":"CRIADO","service_tag":"C1K0SN3"}');
INSERT INTO `asset_audit` (`id`, `asset_id`, `changed_at`, `changes_json`) VALUES ('990bbe3e-0835-4743-9ea2-774773ccbbad', 'ecef3091-bf2b-420d-a060-139fa3492853', '2026-03-03T18:33:56Z', '{"acao":"CRIADO","service_tag":"79Q7VW2"}');
INSERT INTO `asset_audit` (`id`, `asset_id`, `changed_at`, `changes_json`) VALUES ('d58b06fb-8ab4-4ad9-a912-90b147d39ec7', '68a29f19-aab8-44de-bd22-737b74392f3f', '2026-03-03T18:36:43Z', '{"acao":"CRIADO","service_tag":"21JSVN2"}');
INSERT INTO `asset_audit` (`id`, `asset_id`, `changed_at`, `changes_json`) VALUES ('870cf4c5-7245-4145-88a6-b9725e01790b', '2bc82486-54ba-4544-bcaf-d294837fb933', '2026-03-03T18:41:11Z', '{"acao":"CRIADO","service_tag":"DQPYJB3"}');
INSERT INTO `asset_audit` (`id`, `asset_id`, `changed_at`, `changes_json`) VALUES ('9b792042-67c3-414f-9939-1e7a81952793', 'b815f7ce-4368-487d-8055-ec15d0ec06a5', '2026-03-04T11:53:44Z', '{"acao":"CRIADO","service_tag":"GW2K2L3"}');
INSERT INTO `asset_audit` (`id`, `asset_id`, `changed_at`, `changes_json`) VALUES ('5f030bfd-c612-447b-ae28-ac285c1e3e7a', 'ccef6ecb-8362-4820-80dd-a666d3eb83ca', '2026-03-04T11:56:37Z', '{"acao":"CRIADO","service_tag":"DBTVQ23"}');
INSERT INTO `asset_audit` (`id`, `asset_id`, `changed_at`, `changes_json`) VALUES ('06813910-9652-4ce0-84c1-90383c4eb395', '2ccb7aae-4aaa-4e43-b2c6-bfd48d283adb', '2026-03-04T11:58:36Z', '{"acao":"CRIADO","service_tag":"2Q1XQ23"}');
INSERT INTO `asset_audit` (`id`, `asset_id`, `changed_at`, `changes_json`) VALUES ('4bfb2385-c024-4890-bed4-3f25f01d9ee5', '709c7575-497f-4b70-93b4-788b1a4208ca', '2026-03-04T12:06:30Z', '{"acao":"CRIADO","service_tag":"FHTNCK2"}');
INSERT INTO `asset_audit` (`id`, `asset_id`, `changed_at`, `changes_json`) VALUES ('97d784ca-130e-4ecd-a716-1ebd473a74bd', 'd7a4e470-c09c-4082-a402-50775040c3fd', '2026-03-04T12:13:07Z', '{"acao":"CRIADO","service_tag":"8CQJH93"}');
INSERT INTO `asset_audit` (`id`, `asset_id`, `changed_at`, `changes_json`) VALUES ('c1266406-edc8-467b-8075-0e5a9674e9f1', 'd1f2c70e-c183-4238-ade1-21de12b82aff', '2026-03-04T12:17:00Z', '{"acao":"CRIADO","service_tag":"2C2LB93"}');
INSERT INTO `asset_audit` (`id`, `asset_id`, `changed_at`, `changes_json`) VALUES ('35ebcccf-73c6-4866-9291-16833cde104c', '06252aa2-3c5b-4002-8101-424b561f42ad', '2026-03-04T12:19:03Z', '{"acao":"CRIADO","service_tag":"FM3G294"}');
INSERT INTO `asset_audit` (`id`, `asset_id`, `changed_at`, `changes_json`) VALUES ('683def87-f4f1-42ab-96f9-42673475deec', '92985d29-0ffb-4981-b261-c19c4651a3ab', '2026-03-04T12:22:45Z', '{"acao":"CRIADO","service_tag":"G8XKLG2"}');
INSERT INTO `asset_audit` (`id`, `asset_id`, `changed_at`, `changes_json`) VALUES ('6031f608-4fa4-47cc-a571-2793ab0b49e7', '651c17a7-4449-4cdd-af67-1b9ae42d0bd6', '2026-03-04T12:28:34Z', '{"acao":"CRIADO","service_tag":"FMLG1B4"}');
INSERT INTO `asset_audit` (`id`, `asset_id`, `changed_at`, `changes_json`) VALUES ('1b11b1fc-b751-495a-a167-8c858af41e2c', '1651b31e-f7f0-4fd8-b754-1ba7e5d12d4a', '2026-03-04T14:42:28Z', '{"acao":"CRIADO","service_tag":"7K892M2"}');
INSERT INTO `asset_audit` (`id`, `asset_id`, `changed_at`, `changes_json`) VALUES ('95e86447-d3d4-48d7-9f4e-4106d5bb1e53', 'd7a4e470-c09c-4082-a402-50775040c3fd', '2026-03-04T14:42:42Z', '{"acao":"ATUALIZADO","equipment_type":{"de":"NOTEBOOK","para":"DESKTOP"}}');
INSERT INTO `asset_audit` (`id`, `asset_id`, `changed_at`, `changes_json`) VALUES ('ce9d03ff-201a-411a-922c-1ea4a355aa36', '6f6a1f15-7881-4dcf-aa3a-16ef5d7cb346', '2026-03-04T14:44:58Z', '{"acao":"CRIADO","service_tag":"G84MLG2"}');
INSERT INTO `asset_audit` (`id`, `asset_id`, `changed_at`, `changes_json`) VALUES ('b39fa7af-604a-4a7e-bf27-86693e845141', '1651b31e-f7f0-4fd8-b754-1ba7e5d12d4a', '2026-03-04T14:45:03Z', '{"acao":"ATUALIZADO","storage_type":{"de":"SSD_NVME","para":"SSD_SATA"}}');
INSERT INTO `asset_audit` (`id`, `asset_id`, `changed_at`, `changes_json`) VALUES ('12e2a2cc-f8d1-4f29-bef2-29b342d89f9d', '52961f8b-477f-48c1-b769-34cc6b38e58f', '2026-03-04T14:48:34Z', '{"acao":"CRIADO","service_tag":"D0N3294"}');
INSERT INTO `asset_audit` (`id`, `asset_id`, `changed_at`, `changes_json`) VALUES ('64089b37-3ebf-45bc-a445-dfe36b457191', 'aa1748ac-eab3-4c2c-b306-85998d6a330d', '2026-03-04T14:50:38Z', '{"acao":"CRIADO","service_tag":"DBSWQ23"}');
INSERT INTO `asset_audit` (`id`, `asset_id`, `changed_at`, `changes_json`) VALUES ('442ba207-85db-4b77-8155-35df80f0d257', 'b5114d8c-22dd-42c6-9589-2c181d9f38b5', '2026-03-04T14:57:07Z', '{"acao":"CRIADO","service_tag":"FN7NSY2"}');
INSERT INTO `asset_audit` (`id`, `asset_id`, `changed_at`, `changes_json`) VALUES ('d47a5a44-1c0e-4ad1-96a6-7e29b384ed49', '9a4cb2ed-e569-4aef-b426-4e49c961f9f0', '2026-03-04T17:32:02Z', '{"acao":"CRIADO","service_tag":"4Q3G294"}');
INSERT INTO `asset_audit` (`id`, `asset_id`, `changed_at`, `changes_json`) VALUES ('568d0680-e2ab-4b83-80b5-a997eb777cea', 'd35c1962-c933-4e7e-990b-def2f1bef928', '2026-03-04T17:35:51Z', '{"acao":"CRIADO","service_tag":"FN6MSY2"}');
INSERT INTO `asset_audit` (`id`, `asset_id`, `changed_at`, `changes_json`) VALUES ('b918b6b4-0997-40ab-8341-d8f4aea44fd0', '8ffe077e-4da7-49ec-b529-b4619cec97d9', '2026-03-04T17:42:25Z', '{"acao":"CRIADO","service_tag":"GP3G294"}');
INSERT INTO `asset_audit` (`id`, `asset_id`, `changed_at`, `changes_json`) VALUES ('0254510e-d6e5-45a7-944c-142865bed1fd', '73998d86-1edd-4ac2-8cb2-d2df281cba8e', '2026-03-04T17:44:10Z', '{"acao":"CRIADO","service_tag":"HS8N4T3"}');
INSERT INTO `asset_audit` (`id`, `asset_id`, `changed_at`, `changes_json`) VALUES ('0905d6ac-8edd-4f29-95a7-e826e1d39979', '55d85beb-b7fe-45f5-8337-be2b22054240', '2026-03-04T17:45:52Z', '{"acao":"CRIADO","service_tag":"BWZXRP2"}');
INSERT INTO `asset_audit` (`id`, `asset_id`, `changed_at`, `changes_json`) VALUES ('89c5ed83-7267-4f6b-913c-d81efaaab647', 'fd36c000-d200-4b93-a7d0-615f00ff40cb', '2026-03-04T17:47:22Z', '{"acao":"CRIADO","service_tag":"6X69RX3"}');
INSERT INTO `asset_audit` (`id`, `asset_id`, `changed_at`, `changes_json`) VALUES ('ddc21b34-0621-454a-9d9c-1b70f3d9723c', 'c8a62b52-ab96-4c95-b4dc-52b33fec9f55', '2026-03-04T17:49:41Z', '{"acao":"CRIADO","service_tag":"F02H0D3"}');
INSERT INTO `asset_audit` (`id`, `asset_id`, `changed_at`, `changes_json`) VALUES ('2dad3ba6-448d-4ad9-a612-45835447300b', '1411cc4e-c193-4418-8d2d-3b7450821b65', '2026-03-04T17:51:07Z', '{"acao":"CRIADO","service_tag":"94XMDX3"}');
INSERT INTO `asset_audit` (`id`, `asset_id`, `changed_at`, `changes_json`) VALUES ('d490a621-6569-42a4-9ec6-aac1829e073a', '21d87cb1-6b32-40b4-8323-6c041d32cda4', '2026-03-04T17:52:45Z', '{"acao":"CRIADO","service_tag":"1FTVN74"}');
INSERT INTO `asset_audit` (`id`, `asset_id`, `changed_at`, `changes_json`) VALUES ('1484b240-1612-40d9-b62f-a2f64a6687bd', '1abd3fde-c3ac-4be4-8489-5d4376eed4a9', '2026-03-04T17:54:16Z', '{"acao":"CRIADO","service_tag":"HSWX6X3"}');
INSERT INTO `asset_audit` (`id`, `asset_id`, `changed_at`, `changes_json`) VALUES ('683819e3-24d3-4510-bbdb-de27bc8c183c', 'd00ab7cc-d78d-47a1-a08a-166c20d4abef', '2026-03-04T17:56:50Z', '{"acao":"CRIADO","service_tag":"FQPYJB3"}');
INSERT INTO `asset_audit` (`id`, `asset_id`, `changed_at`, `changes_json`) VALUES ('0a2626c2-a142-4675-ac8a-f7b4d7be033b', 'd32dcb7e-1da3-4349-b4d5-3799de8e25fc', '2026-03-04T17:59:50Z', '{"acao":"CRIADO","service_tag":"D775K03"}');
INSERT INTO `asset_audit` (`id`, `asset_id`, `changed_at`, `changes_json`) VALUES ('36782945-d338-4a8f-9977-92dc36c9c976', 'a75275d5-5255-4d85-bca3-5bd2ceea5075', '2026-03-04T18:01:35Z', '{"acao":"CRIADO","service_tag":"7K6J2M2"}');
INSERT INTO `asset_audit` (`id`, `asset_id`, `changed_at`, `changes_json`) VALUES ('fb2725ba-6d69-49bd-88f0-9bbfb65f8740', 'abc573c9-6ae7-4b3e-8419-0f76c7378afc', '2026-03-04T18:09:39Z', '{"acao":"CRIADO","service_tag":"DBQVQ23"}');
INSERT INTO `asset_audit` (`id`, `asset_id`, `changed_at`, `changes_json`) VALUES ('01139256-f989-4bac-8b26-f2e52232affe', 'afd8feb2-37f5-4a82-ad04-6c48e1903a0f', '2026-03-04T18:11:30Z', '{"acao":"CRIADO","service_tag":"CB8J504"}');
INSERT INTO `asset_audit` (`id`, `asset_id`, `changed_at`, `changes_json`) VALUES ('69beeec7-3e0d-4b7c-8dd4-120b4797dedf', '1a7c868b-eb8b-437e-b193-722eb387cca0', '2026-03-04T18:12:53Z', '{"acao":"CRIADO","service_tag":"7S8N4T3"}');
INSERT INTO `asset_audit` (`id`, `asset_id`, `changed_at`, `changes_json`) VALUES ('7bd230f7-4ac6-4d91-b3e1-0a88a44cf370', '17f9ceac-cc3f-4edd-b3a0-0dd92bee9114', '2026-03-05T12:30:57Z', '{"acao":"ATUALIZADO","employee_name":{"de":"Rafael Paizao Alves","para":"Rafael Paixao Alves"}}');
INSERT INTO `asset_audit` (`id`, `asset_id`, `changed_at`, `changes_json`) VALUES ('66fec8ed-5c8c-4ed3-a3de-598e486aee4f', 'f6373738-5f43-4fe4-9402-4cafe5244edf', '2026-03-06T11:00:32Z', '{"acao":"CRIADO","service_tag":"908SGR3"}');
INSERT INTO `asset_audit` (`id`, `asset_id`, `changed_at`, `changes_json`) VALUES ('d6c24c90-c1fe-451d-98ba-cc1d25789f8b', '3f828a52-b8c5-4f1d-a36d-fd268da0bd63', '2026-03-06T15:21:52Z', '{"acao":"CRIADO","service_tag":"210MVN2"}');
INSERT INTO `asset_audit` (`id`, `asset_id`, `changed_at`, `changes_json`) VALUES ('ef6c7135-7656-4092-a6fd-ff6132f3a5c9', 'c313b24c-51a7-45d8-882a-087f1e017f6a', '2026-03-06T19:10:50Z', '{"acao":"CRIADO","service_tag":"D798K03"}');
INSERT INTO `asset_audit` (`id`, `asset_id`, `changed_at`, `changes_json`) VALUES ('65336931-5cbf-4fd0-9e45-e5d87cd05e5d', '9a29ed88-4eaf-4a62-a4c4-6e2ddeb1b564', '2026-03-06T19:25:37Z', '{"acao":"CRIADO","service_tag":"H0N3294"}');
INSERT INTO `asset_audit` (`id`, `asset_id`, `changed_at`, `changes_json`) VALUES ('66db004c-e84d-41f8-9cbc-65ac38fa7306', '96c276e5-e884-4260-affb-ce30dba79248', '2026-03-09T15:49:10Z', '{"acao":"CRIADO","service_tag":"8S8N4T3"}');
INSERT INTO `asset_audit` (`id`, `asset_id`, `changed_at`, `changes_json`) VALUES ('c812f520-4199-4047-9020-eec87876a9c7', '600af714-96b0-4ec9-8259-3f375473bb66', '2026-03-10T12:18:51Z', '{"acao":"CRIADO","service_tag":"HP3G294"}');
INSERT INTO `asset_audit` (`id`, `asset_id`, `changed_at`, `changes_json`) VALUES ('a5282bea-5496-4fad-aaef-c1350e76ec79', 'd8fa3188-e15e-48a0-a783-97f2fc15884b', '2026-03-10T12:21:05Z', '{"acao":"CRIADO","service_tag":"FNH17X3"}');
INSERT INTO `asset_audit` (`id`, `asset_id`, `changed_at`, `changes_json`) VALUES ('0648d167-783d-40b1-9025-5bda78fb6598', 'abcd2b0a-eaff-46d3-9716-63bc971a6f48', '2026-03-10T12:23:43Z', '{"acao":"CRIADO","service_tag":"BWYVRP2"}');
INSERT INTO `asset_audit` (`id`, `asset_id`, `changed_at`, `changes_json`) VALUES ('55208558-1190-44fe-a7a5-ac0da6c0f440', '3fe49100-0e3a-465d-b988-ae48b31297c2', '2026-03-10T12:25:35Z', '{"acao":"CRIADO","service_tag":"7K7F2M2"}');
INSERT INTO `asset_audit` (`id`, `asset_id`, `changed_at`, `changes_json`) VALUES ('0b746fa5-699e-42cd-81cf-a8f4dfe944e8', '8cfd6504-1aa8-41a8-af5b-cb826a79c9da', '2026-03-10T12:29:12Z', '{"acao":"CRIADO","service_tag":"BX0ZRP2"}');
INSERT INTO `asset_audit` (`id`, `asset_id`, `changed_at`, `changes_json`) VALUES ('37e8ed8f-cfad-4d4f-9283-627fc67d32c3', '2b69aa8a-fbae-4085-85fb-384c3d42471c', '2026-03-10T12:31:31Z', '{"acao":"CRIADO","service_tag":"HNH17X3"}');
INSERT INTO `asset_audit` (`id`, `asset_id`, `changed_at`, `changes_json`) VALUES ('bcf744a6-e256-49c5-8f70-f872ff1cb6f7', '06a50ca2-2abd-4a68-a45e-d6995f0e192b', '2026-03-10T12:37:46Z', '{"acao":"CRIADO","service_tag":"2FTVN74"}');
INSERT INTO `asset_audit` (`id`, `asset_id`, `changed_at`, `changes_json`) VALUES ('3a6c8519-1bfd-4b94-9740-d0b598f6f968', 'de98fe9c-efd0-430f-b31d-dabc0b77ccb3', '2026-03-10T12:44:09Z', '{"acao":"CRIADO","service_tag":"G7JBZS3"}');
INSERT INTO `asset_audit` (`id`, `asset_id`, `changed_at`, `changes_json`) VALUES ('82f6a1a3-6e4c-4c87-a5d3-09b734d35683', '9a85978f-6f3b-4ae4-84dd-c9057d3bbc87', '2026-03-10T12:46:51Z', '{"acao":"CRIADO","service_tag":"G9DKLG2"}');
INSERT INTO `asset_audit` (`id`, `asset_id`, `changed_at`, `changes_json`) VALUES ('f62d750d-d137-442b-8d49-36b4082daaf8', 'c9b5fe1e-0e10-4c1b-b334-c25e7fbccbeb', '2026-03-10T13:05:56Z', '{"acao":"CRIADO","service_tag":"CLYQL43"}');
INSERT INTO `asset_audit` (`id`, `asset_id`, `changed_at`, `changes_json`) VALUES ('9d81e291-787f-4996-b977-1f330b78559b', '4632d5b3-e322-4563-a111-0c412b1c2d0b', '2026-03-10T13:07:29Z', '{"acao":"CRIADO","service_tag":"DBS0R23"}');
INSERT INTO `asset_audit` (`id`, `asset_id`, `changed_at`, `changes_json`) VALUES ('f4aeacf4-feab-4f53-bf6b-811804d424e0', '4632d5b3-e322-4563-a111-0c412b1c2d0b', '2026-03-10T13:07:35Z', '{"acao":"ATUALIZADO","storage_type":{"de":"SSD_NVME","para":"SSD_SATA"}}');
INSERT INTO `asset_audit` (`id`, `asset_id`, `changed_at`, `changes_json`) VALUES ('b1c0eac7-aa12-44ad-8a9b-5a305ee825f3', '1d12537d-4e97-4b94-801e-d9b0f6501dc4', '2026-03-10T13:09:29Z', '{"acao":"CRIADO","service_tag":"BCHTWQ2"}');
INSERT INTO `asset_audit` (`id`, `asset_id`, `changed_at`, `changes_json`) VALUES ('e63d0124-6e9b-42fb-a861-29bfa751073d', '7c0d8f5c-3c47-4080-8a30-514360a910b8', '2026-03-10T13:57:22Z', '{"acao":"CRIADO","service_tag":"5SWX6X3"}');
INSERT INTO `asset_audit` (`id`, `asset_id`, `changed_at`, `changes_json`) VALUES ('b25d9ea6-1395-4f18-a1e9-02a4fe13eef9', '7c0a0839-7a1a-406a-9083-8a5c0ea9c60f', '2026-03-10T13:59:15Z', '{"acao":"CRIADO","service_tag":"D788K03"}');
INSERT INTO `asset_audit` (`id`, `asset_id`, `changed_at`, `changes_json`) VALUES ('a2046018-e44d-417e-91a7-8160f2482366', 'd75f995e-cb50-4c8c-adf6-4fda3899626a', '2026-03-10T14:01:54Z', '{"acao":"CRIADO","service_tag":"D7G6K03"}');
INSERT INTO `asset_audit` (`id`, `asset_id`, `changed_at`, `changes_json`) VALUES ('495f57b6-e06a-42d1-b5d6-9b81a62c1a1e', '4e482551-5cb9-4a75-9043-2e447d12a6e3', '2026-03-10T14:04:20Z', '{"acao":"CRIADO","service_tag":"GQ3G294"}');
INSERT INTO `asset_audit` (`id`, `asset_id`, `changed_at`, `changes_json`) VALUES ('0d696043-4c6a-40d7-9123-fbb11e853dd0', '24ab58ef-3861-4253-a4ae-ae710e6e750f', '2026-03-10T14:06:19Z', '{"acao":"CRIADO","service_tag":"DXW4YW3"}');
INSERT INTO `asset_audit` (`id`, `asset_id`, `changed_at`, `changes_json`) VALUES ('2a47f762-1a9d-4014-b3f4-db552bc8d2cb', 'e35165a1-9da5-4a95-b93b-0846347377e3', '2026-03-10T14:08:16Z', '{"acao":"CRIADO","service_tag":"7K6F2M2"}');
INSERT INTO `asset_audit` (`id`, `asset_id`, `changed_at`, `changes_json`) VALUES ('d32c5c29-405c-4f99-ac54-bcbf790f476e', 'e740198b-c537-4aa0-8801-b8a2978bd340', '2026-03-10T14:10:03Z', '{"acao":"CRIADO","service_tag":"GRWSVN2"}');
INSERT INTO `asset_audit` (`id`, `asset_id`, `changed_at`, `changes_json`) VALUES ('0d2b446e-70c5-423a-8ad4-e50b80728203', '94392ead-37e5-49ab-a805-726e3f0c0bd5', '2026-03-10T14:12:24Z', '{"acao":"CRIADO","service_tag":"C7WLHJ2"}');
INSERT INTO `asset_audit` (`id`, `asset_id`, `changed_at`, `changes_json`) VALUES ('516aabc5-42b9-4233-972b-d43e3eabba15', 'e0d84f1f-7ab7-4625-b69f-24ba19cbe8a2', '2026-03-10T14:14:31Z', '{"acao":"CRIADO","service_tag":"21FLVN2"}');
INSERT INTO `asset_audit` (`id`, `asset_id`, `changed_at`, `changes_json`) VALUES ('7755dd1a-4abc-4024-967c-d2888c9ee8c7', '57ee9112-d694-4e97-8f7b-28c0e94bfcf4', '2026-03-10T14:16:17Z', '{"acao":"CRIADO","service_tag":"BWZ1SP2"}');
INSERT INTO `asset_audit` (`id`, `asset_id`, `changed_at`, `changes_json`) VALUES ('8b29a5ad-9ccb-41a2-b972-98f49cbdf4bb', 'e0d84f1f-7ab7-4625-b69f-24ba19cbe8a2', '2026-03-10T14:16:23Z', '{"acao":"ATUALIZADO","storage_type":{"de":"SSD_NVME","para":"SSD_SATA"}}');
INSERT INTO `asset_audit` (`id`, `asset_id`, `changed_at`, `changes_json`) VALUES ('18073cad-abfc-440c-b8e9-a413ad2fe1d9', '94392ead-37e5-49ab-a805-726e3f0c0bd5', '2026-03-10T14:16:28Z', '{"acao":"ATUALIZADO","storage_type":{"de":"SSD_NVME","para":"SSD_SATA"}}');
INSERT INTO `asset_audit` (`id`, `asset_id`, `changed_at`, `changes_json`) VALUES ('53eac91d-6763-4aab-9c6a-4151911b1817', 'e0d84f1f-7ab7-4625-b69f-24ba19cbe8a2', '2026-03-10T14:17:53Z', '{"acao":"ATUALIZADO","employee_name":{"de":"Camila Gomes Lopes","para":"Camila Gomes Lopes (ALMOXARIFADO)"}}');
INSERT INTO `asset_audit` (`id`, `asset_id`, `changed_at`, `changes_json`) VALUES ('fdca18bc-1cd1-44c2-bc54-416d5654dd81', '57ee9112-d694-4e97-8f7b-28c0e94bfcf4', '2026-03-10T14:17:59Z', '{"acao":"ATUALIZADO","employee_name":{"de":"Milton Ovidio Junior","para":"Milton Ovidio Junior (ALMOXARIFADO)"}}');
INSERT INTO `asset_audit` (`id`, `asset_id`, `changed_at`, `changes_json`) VALUES ('095c9907-98b6-449d-baba-efe96ba9e084', '2faa4db2-3995-47eb-bc69-65df6960acc9', '2026-03-10T15:12:10Z', '{"acao":"CRIADO","service_tag":"C7XSHJ2"}');
INSERT INTO `asset_audit` (`id`, `asset_id`, `changed_at`, `changes_json`) VALUES ('1640f20c-f2b5-4455-9b26-514036a91579', 'f74b9e1c-1e21-4a04-b409-530a50474982', '2026-03-10T15:16:43Z', '{"acao":"CRIADO","service_tag":"B9QWH34"}');
INSERT INTO `asset_audit` (`id`, `asset_id`, `changed_at`, `changes_json`) VALUES ('ff5acb54-783e-4d4c-a6f0-4372aa4fee1c', '65904fce-e3ca-4787-9cf2-24e004d0476f', '2026-03-10T16:25:54Z', '{"acao":"CRIADO","service_tag":"84XMDX3"}');
INSERT INTO `asset_audit` (`id`, `asset_id`, `changed_at`, `changes_json`) VALUES ('2b94e522-70ee-414b-8972-d9e0834b19ff', 'e8db95dd-866d-49ae-9b3a-043006484e73', '2026-03-10T16:30:55Z', '{"acao":"CRIADO","service_tag":"6YDFYL3"}');
INSERT INTO `asset_audit` (`id`, `asset_id`, `changed_at`, `changes_json`) VALUES ('5b5c16bc-3e27-4316-a6d0-f7fa659e5239', 'e8db95dd-866d-49ae-9b3a-043006484e73', '2026-03-10T16:31:17Z', '{"acao":"ATUALIZADO","employee_name":{"de":"Rubia","para":"Rubia Maira Quinelato Marton"}}');
INSERT INTO `asset_audit` (`id`, `asset_id`, `changed_at`, `changes_json`) VALUES ('d3a83651-fa72-41d8-802a-9c0889d46eb2', '9ebf8e58-eabb-46f7-ba7f-6d8e3df827dd', '2026-03-10T16:36:44Z', '{"acao":"CRIADO","service_tag":"8DBXH34"}');
INSERT INTO `asset_audit` (`id`, `asset_id`, `changed_at`, `changes_json`) VALUES ('b27fcc18-2869-4a0d-bb13-9159c48ecbfb', '9ebf8e58-eabb-46f7-ba7f-6d8e3df827dd', '2026-03-10T16:36:57Z', '{"acao":"ATUALIZADO"}');
INSERT INTO `asset_audit` (`id`, `asset_id`, `changed_at`, `changes_json`) VALUES ('f7e2e62c-1f4a-4199-bd82-c2186b913a67', 'caf32bdf-ac61-4210-83e8-40ec9f0f1284', '2026-03-10T17:15:43Z', '{"acao":"CRIADO","service_tag":"B4M0XQ2"}');
INSERT INTO `asset_audit` (`id`, `asset_id`, `changed_at`, `changes_json`) VALUES ('c5898e82-eb1a-4adf-aaf2-73b18d3df7cd', 'ab64ad90-ceea-4701-9ccb-5c470357a939', '2026-03-10T17:17:31Z', '{"acao":"CRIADO","service_tag":"FL78264"}');
INSERT INTO `asset_audit` (`id`, `asset_id`, `changed_at`, `changes_json`) VALUES ('d3312405-bb07-44eb-ac14-71f1f8b656e8', '6f35f7d1-b634-41a5-91f9-d598f57249f5', '2026-03-10T17:20:40Z', '{"acao":"CRIADO","service_tag":"9S8N4T3"}');
INSERT INTO `asset_audit` (`id`, `asset_id`, `changed_at`, `changes_json`) VALUES ('795b6bb7-5748-4aae-879c-99a2ef5b2b12', '176a225c-9258-425a-b67a-57784ba8b34d', '2026-03-10T17:24:59Z', '{"acao":"CRIADO","service_tag":"6DHKGR3"}');
INSERT INTO `asset_audit` (`id`, `asset_id`, `changed_at`, `changes_json`) VALUES ('2f1a4240-71bd-46a9-8da0-ad916e34b930', 'd4426ddf-089b-4661-8b65-13bbf838ab73', '2026-03-10T17:27:35Z', '{"acao":"CRIADO","service_tag":"HRWX6X3"}');
INSERT INTO `asset_audit` (`id`, `asset_id`, `changed_at`, `changes_json`) VALUES ('1744bfa7-f5a6-4938-86be-fd6b7b9c12ee', '61883a76-3539-437e-95cc-b2e482343987', '2026-03-10T17:29:09Z', '{"acao":"CRIADO","service_tag":"FG3K1M3"}');
INSERT INTO `asset_audit` (`id`, `asset_id`, `changed_at`, `changes_json`) VALUES ('09628282-2576-4f2e-9bd2-063f351097b4', 'f0fcef8b-dd31-452d-905f-6aff6748dc52', '2026-03-10T17:31:18Z', '{"acao":"CRIADO","service_tag":"D9Z7NM3"}');
INSERT INTO `asset_audit` (`id`, `asset_id`, `changed_at`, `changes_json`) VALUES ('4be5f178-ba4a-44aa-8fc4-94b09bb9ad03', '1d9c64bd-ec23-4101-8e1b-256b8dffa40c', '2026-03-10T17:33:24Z', '{"acao":"CRIADO","service_tag":"4PH17X3"}');
INSERT INTO `asset_audit` (`id`, `asset_id`, `changed_at`, `changes_json`) VALUES ('8f6df463-bd06-4ea2-8230-fb4f6953f8a8', '9500b244-44ae-4dfa-8361-0d1e8ef74d88', '2026-03-10T17:38:10Z', '{"acao":"CRIADO","service_tag":"9PSNJ34"}');
INSERT INTO `asset_audit` (`id`, `asset_id`, `changed_at`, `changes_json`) VALUES ('0ece1279-62ff-4595-9a47-d72980512077', 'f3dc4a27-837f-4149-a1b4-9baa1b14de85', '2026-03-10T17:40:25Z', '{"acao":"CRIADO","service_tag":"1PH17X3"}');
INSERT INTO `asset_audit` (`id`, `asset_id`, `changed_at`, `changes_json`) VALUES ('b04032ac-2d00-4a14-a068-f55fe487d258', '9ac43de1-ede5-4e3e-a419-e7a8e6b9c6c5', '2026-03-10T17:44:42Z', '{"acao":"CRIADO","service_tag":"545THJ2"}');
INSERT INTO `asset_audit` (`id`, `asset_id`, `changed_at`, `changes_json`) VALUES ('771b0953-b404-47b7-9c3c-20d8e851b23d', '9ac43de1-ede5-4e3e-a419-e7a8e6b9c6c5', '2026-03-10T17:45:16Z', '{"acao":"ATUALIZADO"}');
INSERT INTO `asset_audit` (`id`, `asset_id`, `changed_at`, `changes_json`) VALUES ('5f02ee63-9355-4a4f-88f8-fe60096eb292', '9ac43de1-ede5-4e3e-a419-e7a8e6b9c6c5', '2026-03-10T17:46:21Z', '{"acao":"ATUALIZADO"}');
INSERT INTO `asset_audit` (`id`, `asset_id`, `changed_at`, `changes_json`) VALUES ('d6b3cb40-14d9-4150-b6cd-395bb790b727', 'dcd548af-df6b-4322-a4b9-81026f8981d8', '2026-03-10T17:53:29Z', '{"acao":"CRIADO","service_tag":"FN7JSY2"}');
INSERT INTO `asset_audit` (`id`, `asset_id`, `changed_at`, `changes_json`) VALUES ('408d5f6b-4d93-4d96-b8a9-8ca289be9b81', '93d0693a-eae9-4d20-ab47-ee1b4cc3841b', '2026-03-11T19:45:16Z', '{"acao":"CRIADO","service_tag":"78JBZS3"}');
INSERT INTO `asset_audit` (`id`, `asset_id`, `changed_at`, `changes_json`) VALUES ('6a4880b1-c44a-4b08-9a8c-5b720acc4169', '93d0693a-eae9-4d20-ab47-ee1b4cc3841b', '2026-03-11T19:45:22Z', '{"acao":"ATUALIZADO"}');

-- asset_movements: nenhum registro

-- app_settings: 2 registros
INSERT INTO `app_settings` (`key`, `value`) VALUES ('last_auto_backup', '2026-03-04');
INSERT INTO `app_settings` (`key`, `value`) VALUES ('last_access', '2026-03-11 11:26');

-- employees: 135 registros
INSERT INTO `employees` (`id`, `name`, `branch_id`, `active`, `created_at`) VALUES ('bba44d90-f58f-ad4e-c3c9-0587522e57c9', 'ALMOXARIFADO (ORLANDIA)', 'br-orlandia', 1, '2026-03-04 20:02:23');
INSERT INTO `employees` (`id`, `name`, `branch_id`, `active`, `created_at`) VALUES ('a898a0fa-9554-5cf9-ffc7-488f3a0a9058', 'ALMOXARIFADO JALES', 'br-jales', 1, '2026-03-04 20:02:23');
INSERT INTO `employees` (`id`, `name`, `branch_id`, `active`, `created_at`) VALUES ('6768403d-5480-5a5c-a916-0b5a2fb7a66d', 'Adriel Almeida', 'br-franca', 1, '2026-03-04 20:02:23');
INSERT INTO `employees` (`id`, `name`, `branch_id`, `active`, `created_at`) VALUES ('2a3cccd6-f74a-e30a-c9db-264f04c852c7', 'Alan Gabriel Cardoso', 'br-jales', 1, '2026-03-04 20:02:23');
INSERT INTO `employees` (`id`, `name`, `branch_id`, `active`, `created_at`) VALUES ('1931aba7-5cd6-9a3a-7e4d-22959e34afa9', 'Alessandro Cesar Lacruz', 'br-riopreto', 1, '2026-03-04 20:02:23');
INSERT INTO `employees` (`id`, `name`, `branch_id`, `active`, `created_at`) VALUES ('179c203f-99d4-aaa7-d8a5-94e235deb9ab', 'Aline Bonutti', 'br-orlandia', 1, '2026-03-04 20:02:23');
INSERT INTO `employees` (`id`, `name`, `branch_id`, `active`, `created_at`) VALUES ('3e4c2111-bd83-78ea-7772-706f4f1de751', 'Allan Rodrigo Queiroz Lourenço', 'br-votuporanga', 1, '2026-03-04 20:02:23');
INSERT INTO `employees` (`id`, `name`, `branch_id`, `active`, `created_at`) VALUES ('f292c94c-ff57-bc38-db91-a343cc83398e', 'Amanda Cristina Feltrin', 'br-riopreto', 1, '2026-03-04 20:02:23');
INSERT INTO `employees` (`id`, `name`, `branch_id`, `active`, `created_at`) VALUES ('2598eb86-0ae4-be39-0656-9f2580eaf405', 'Ana Carolina Pereira', 'br-riopreto', 1, '2026-03-04 20:02:23');
INSERT INTO `employees` (`id`, `name`, `branch_id`, `active`, `created_at`) VALUES ('6b195a9e-e05b-b95b-8a0d-efa9d1f8b4ed', 'Ana Carolina da Silva Cruz', 'br-jales', 1, '2026-03-04 20:02:23');
INSERT INTO `employees` (`id`, `name`, `branch_id`, `active`, `created_at`) VALUES ('d8b10b61-b2e3-3def-c0bc-e20b2f5e3c98', 'Ana Laura Mariano Bina', 'br-itapolis', 1, '2026-03-04 20:02:23');
INSERT INTO `employees` (`id`, `name`, `branch_id`, `active`, `created_at`) VALUES ('3bd00f10-54ce-323b-4cc9-4a1f813d1a18', 'Anderson Mauricio Lourenço', 'br-catanduva', 1, '2026-03-04 20:02:23');
INSERT INTO `employees` (`id`, `name`, `branch_id`, `active`, `created_at`) VALUES ('c9a61e39-32a1-dedc-e2be-28ad54bbf232', 'Andreia Pereira Carvalho', 'br-riopreto', 1, '2026-03-04 20:02:23');
INSERT INTO `employees` (`id`, `name`, `branch_id`, `active`, `created_at`) VALUES ('23385715-3d49-6e6c-580e-88d53a68d13f', 'Angela Ferreira da Costa (NOTEBOOK ALMOXARIFADO)', 'br-riopreto', 1, '2026-03-04 20:02:23');
INSERT INTO `employees` (`id`, `name`, `branch_id`, `active`, `created_at`) VALUES ('fb9603d9-4fb2-ef4c-c1c4-2fddb9c2ff7a', 'Artur Henrique', 'br-votuporanga', 1, '2026-03-04 20:02:23');
INSERT INTO `employees` (`id`, `name`, `branch_id`, `active`, `created_at`) VALUES ('2d903b65-2311-56da-8134-81eabf868a1c', 'Aylton de Souza', 'br-jales', 1, '2026-03-04 20:02:23');
INSERT INTO `employees` (`id`, `name`, `branch_id`, `active`, `created_at`) VALUES ('22392ba5-c90d-0fba-ae2f-5c508303a1ef', 'Beatriz Fernanda Silva Santos', 'br-ribeirao', 1, '2026-03-04 20:02:23');
INSERT INTO `employees` (`id`, `name`, `branch_id`, `active`, `created_at`) VALUES ('92e23f94-7c26-bd95-fc6c-f70125c7d8e8', 'Beatriz Helena Silva Marinho', 'br-riopreto', 1, '2026-03-04 20:02:23');
INSERT INTO `employees` (`id`, `name`, `branch_id`, `active`, `created_at`) VALUES ('16efa59c-505b-ff77-50cd-c9a8f3722f57', 'Brenno Mustafa Ramos da Silva (ALMOXARIFADO)', 'br-catanduva', 1, '2026-03-04 20:02:23');
INSERT INTO `employees` (`id`, `name`, `branch_id`, `active`, `created_at`) VALUES ('d6655834-1ec0-0f2e-04c3-5d1b88850b3f', 'CENS (ORLANDIA)', 'br-orlandia', 1, '2026-03-04 20:02:23');
INSERT INTO `employees` (`id`, `name`, `branch_id`, `active`, `created_at`) VALUES ('85d2e767-f84a-18ea-f4cd-04396095d820', 'COMPUTADOR TREINAMENTO.', 'br-votuporanga', 1, '2026-03-04 20:02:23');
INSERT INTO `employees` (`id`, `name`, `branch_id`, `active`, `created_at`) VALUES ('6ce94e26-c016-93ff-9b06-df0e97dcbbcb', 'Caio Borges (ALMOXARIFADO)', 'br-orlandia', 1, '2026-03-04 20:02:23');
INSERT INTO `employees` (`id`, `name`, `branch_id`, `active`, `created_at`) VALUES ('e92534ba-85f5-c245-df01-678009a06cf0', 'Caio Hernandes da Silva', 'br-catanduva', 1, '2026-03-04 20:02:23');
INSERT INTO `employees` (`id`, `name`, `branch_id`, `active`, `created_at`) VALUES ('210fc227-9c54-ebcc-9efe-9ee885db5a61', 'Camila Sancanari', 'br-riopreto', 1, '2026-03-04 20:02:23');
INSERT INTO `employees` (`id`, `name`, `branch_id`, `active`, `created_at`) VALUES ('4d8f3bdc-0ac1-b62a-33a4-2fe006acf253', 'Carlos Rafael Lobo de Oliveira', 'br-itapolis', 1, '2026-03-04 20:02:23');
INSERT INTO `employees` (`id`, `name`, `branch_id`, `active`, `created_at`) VALUES ('b32853e1-7b45-767b-6fa2-73ca7c8c3601', 'Cristian Linck', 'br-franca', 1, '2026-03-04 20:02:23');
INSERT INTO `employees` (`id`, `name`, `branch_id`, `active`, `created_at`) VALUES ('0da383ee-96ce-652c-d1bf-89738467dde0', 'Daniel Archangelo', 'br-bebedouro', 1, '2026-03-04 20:02:23');
INSERT INTO `employees` (`id`, `name`, `branch_id`, `active`, `created_at`) VALUES ('4333cc91-96bf-bebe-b9eb-b343e44d0daf', 'Daniela Machado', 'br-franca', 1, '2026-03-04 20:02:23');
INSERT INTO `employees` (`id`, `name`, `branch_id`, `active`, `created_at`) VALUES ('342f8253-0f7a-0796-9f89-f5d01a92d4db', 'Dayeny Bruna Da Silva', 'br-riopreto', 1, '2026-03-04 20:02:23');
INSERT INTO `employees` (`id`, `name`, `branch_id`, `active`, `created_at`) VALUES ('731e494f-ecd9-9294-20f9-a2745322bc17', 'Deivide Alfredo /  Joger', 'br-ituverava', 1, '2026-03-04 20:02:23');
INSERT INTO `employees` (`id`, `name`, `branch_id`, `active`, `created_at`) VALUES ('40a0ce43-7894-f721-bafe-dd6f12da7c98', 'Desktop de treinamento filial de jales.', 'br-jales', 1, '2026-03-04 20:02:23');
INSERT INTO `employees` (`id`, `name`, `branch_id`, `active`, `created_at`) VALUES ('d33356ee-e3ac-9282-e083-d3cbfc9aa261', 'Eder Paulo Alves', 'br-riopreto', 1, '2026-03-04 20:02:23');
INSERT INTO `employees` (`id`, `name`, `branch_id`, `active`, `created_at`) VALUES ('95334ec4-3fca-801a-1cbf-449d9d51238c', 'Elivelto Rodrigues', 'br-catanduva', 1, '2026-03-04 20:02:23');
INSERT INTO `employees` (`id`, `name`, `branch_id`, `active`, `created_at`) VALUES ('cafa45ba-ed2e-3091-9fd3-d7381c0efb7f', 'Ester Santana', 'br-riopreto', 1, '2026-03-04 20:02:23');
INSERT INTO `employees` (`id`, `name`, `branch_id`, `active`, `created_at`) VALUES ('eb54fd97-759a-1f38-9bd9-f9ea6a0bfab1', 'Evandro Gleiser de Souza Cevada', 'br-votuporanga', 1, '2026-03-04 20:02:23');
INSERT INTO `employees` (`id`, `name`, `branch_id`, `active`, `created_at`) VALUES ('b05d48e2-a712-c47b-d13f-1c021d7a85c2', 'Fabiano Honorato', 'br-orlandia', 1, '2026-03-04 20:02:23');
INSERT INTO `employees` (`id`, `name`, `branch_id`, `active`, `created_at`) VALUES ('403700a8-2182-367a-9396-2994548c597f', 'Fernando Barbosa de Sousa', 'br-ribeirao', 1, '2026-03-04 20:02:23');
INSERT INTO `employees` (`id`, `name`, `branch_id`, `active`, `created_at`) VALUES ('4ea7ed31-8fa6-056d-b6a4-2ab46d737eb8', 'Fernando Pupim', 'br-jales', 1, '2026-03-04 20:02:23');
INSERT INTO `employees` (`id`, `name`, `branch_id`, `active`, `created_at`) VALUES ('e0dedaa2-11ed-9c80-1fdd-ebfd53d9f30b', 'Flavio Arcari Silva', 'br-franca', 1, '2026-03-04 20:02:23');
INSERT INTO `employees` (`id`, `name`, `branch_id`, `active`, `created_at`) VALUES ('3fe09446-25c4-66b8-ea53-a04511cba3b8', 'GABRIEL DE MORAIS LOURENÇO (ALMOXARIFADO)', 'br-franca', 1, '2026-03-04 20:02:23');
INSERT INTO `employees` (`id`, `name`, `branch_id`, `active`, `created_at`) VALUES ('9109a9b0-2490-3fa9-1d93-ee58dd53e5fd', 'Gabriel Augusto Esperidiao', 'br-riopreto', 1, '2026-03-04 20:02:23');
INSERT INTO `employees` (`id`, `name`, `branch_id`, `active`, `created_at`) VALUES ('251fbeee-75f1-702e-217b-ccbe016e7530', 'Gabriel Masayuki Sekimura', 'br-franca', 1, '2026-03-04 20:02:23');
INSERT INTO `employees` (`id`, `name`, `branch_id`, `active`, `created_at`) VALUES ('b02ceb26-96bb-3990-4c7f-331f7f17cd0c', 'Gabriel Miguel Fazolli', 'br-jales', 1, '2026-03-04 20:02:23');
INSERT INTO `employees` (`id`, `name`, `branch_id`, `active`, `created_at`) VALUES ('ad015178-7efd-86ed-eb0e-75e8909fc622', 'Gabriela Giretti Oliveira', 'br-votuporanga', 1, '2026-03-04 20:02:23');
INSERT INTO `employees` (`id`, `name`, `branch_id`, `active`, `created_at`) VALUES ('f7e04ee2-fc6a-6f0d-87dc-e12993515b0c', 'Geisiane Villa Ferreira', 'br-jales', 1, '2026-03-04 20:02:23');
INSERT INTO `employees` (`id`, `name`, `branch_id`, `active`, `created_at`) VALUES ('5d837f03-ba1d-0767-9358-15b64f1846da', 'Guilherme Ballista Ferreira da Silva', 'br-jales', 1, '2026-03-04 20:02:23');
INSERT INTO `employees` (`id`, `name`, `branch_id`, `active`, `created_at`) VALUES ('8513e3c2-00ef-27ca-9ca0-4efdc6d33ae9', 'Guilherme henrique Ribeiro', 'br-catanduva', 1, '2026-03-04 20:02:23');
INSERT INTO `employees` (`id`, `name`, `branch_id`, `active`, `created_at`) VALUES ('867f5524-0ac2-367d-a804-1b84561e0036', 'Halder Carlos de Oliveira Silva', 'br-jales', 1, '2026-03-04 20:02:23');
INSERT INTO `employees` (`id`, `name`, `branch_id`, `active`, `created_at`) VALUES ('d547ad0d-23f8-c38f-bea8-c43a9c3d2026', 'Higor Martinez Geromini', 'br-jales', 1, '2026-03-04 20:02:23');
INSERT INTO `employees` (`id`, `name`, `branch_id`, `active`, `created_at`) VALUES ('138c2297-dfcf-5ae4-a48d-d26afc5c0dd0', 'INTEGRAÇÃO (RIO PRETO)', 'br-riopreto', 1, '2026-03-04 20:02:23');
INSERT INTO `employees` (`id`, `name`, `branch_id`, `active`, `created_at`) VALUES ('341e5816-ec27-c61e-f9cb-bc7ad2620b28', 'Isadora Candido Silva', 'br-catanduva', 1, '2026-03-04 20:02:23');
INSERT INTO `employees` (`id`, `name`, `branch_id`, `active`, `created_at`) VALUES ('9ead8987-3d0f-86a4-a97a-f04077bda213', 'Ismael Ferreira de Mendonca Junior', 'br-ituverava', 1, '2026-03-04 20:02:23');
INSERT INTO `employees` (`id`, `name`, `branch_id`, `active`, `created_at`) VALUES ('4d33ad46-bef9-4a32-5d72-286bda6b5822', 'Jessica Cunha dos Santos', 'br-votuporanga', 1, '2026-03-04 20:02:23');
INSERT INTO `employees` (`id`, `name`, `branch_id`, `active`, `created_at`) VALUES ('5f47392d-051f-fec1-ac72-7236ce60cff7', 'Jhenifer Camargo dos Santos', 'br-catanduva', 1, '2026-03-04 20:02:23');
INSERT INTO `employees` (`id`, `name`, `branch_id`, `active`, `created_at`) VALUES ('8c19478a-21de-ae9c-46ae-a7960feae65b', 'Joa Gabriel de Arruda', 'br-riopreto', 1, '2026-03-04 20:02:23');
INSERT INTO `employees` (`id`, `name`, `branch_id`, `active`, `created_at`) VALUES ('02d5c4bd-6dfd-04c3-ef5f-4a1e833b701c', 'Joao Eduardo Alves Rodrigues', 'br-riopreto', 1, '2026-03-04 20:02:23');
INSERT INTO `employees` (`id`, `name`, `branch_id`, `active`, `created_at`) VALUES ('45ba0cc6-3927-18c9-351b-f8f06440de95', 'Joao Goncalves', 'br-franca', 1, '2026-03-04 20:02:23');
INSERT INTO `employees` (`id`, `name`, `branch_id`, `active`, `created_at`) VALUES ('f1411633-5ecb-616a-d21d-82e4a21143cd', 'Joao Ricardo Daga', 'br-catanduva', 1, '2026-03-04 20:02:23');
INSERT INTO `employees` (`id`, `name`, `branch_id`, `active`, `created_at`) VALUES ('92444816-a8e7-1918-f722-29b1cb207187', 'Joao Victo Luz de Jesus', 'br-riopreto', 1, '2026-03-04 20:02:23');
INSERT INTO `employees` (`id`, `name`, `branch_id`, `active`, `created_at`) VALUES ('b96d4c57-3974-5636-3c0a-6e6dbe93a6d2', 'Joao Vitor Correia de Souza', 'br-catanduva', 1, '2026-03-04 20:02:23');
INSERT INTO `employees` (`id`, `name`, `branch_id`, `active`, `created_at`) VALUES ('6cbcef98-78ae-36e9-c67c-3279f1bb5ede', 'João Macelo R', 'br-jales', 1, '2026-03-04 20:02:23');
INSERT INTO `employees` (`id`, `name`, `branch_id`, `active`, `created_at`) VALUES ('597d5da2-1db1-0367-da20-5c6320a829e7', 'Jucemar Covre', 'br-jales', 1, '2026-03-04 20:02:23');
INSERT INTO `employees` (`id`, `name`, `branch_id`, `active`, `created_at`) VALUES ('06f11fc9-c934-38bf-e60f-76fa83465c6c', 'Juliana Pereira Laureano', 'br-riopreto', 1, '2026-03-04 20:02:23');
INSERT INTO `employees` (`id`, `name`, `branch_id`, `active`, `created_at`) VALUES ('68df92ab-6705-2c9c-6390-f0a6f96c9804', 'Julio Cesar Villa', 'br-catanduva', 1, '2026-03-04 20:02:23');
INSERT INTO `employees` (`id`, `name`, `branch_id`, `active`, `created_at`) VALUES ('7c7d24d6-26e5-65ae-2b12-7bfbcb0135c8', 'Larissa Helena Tatanjo', 'br-riopreto', 1, '2026-03-04 20:02:23');
INSERT INTO `employees` (`id`, `name`, `branch_id`, `active`, `created_at`) VALUES ('4b48e93f-da4f-2700-372b-b46ab6da2fb5', 'Leo Friosi Satorelo', 'br-votuporanga', 1, '2026-03-04 20:02:23');
INSERT INTO `employees` (`id`, `name`, `branch_id`, `active`, `created_at`) VALUES ('ea8dfaa0-ca76-1471-3cb8-86802c83ab64', 'Leonardo Barco', 'br-bebedouro', 1, '2026-03-04 20:02:23');
INSERT INTO `employees` (`id`, `name`, `branch_id`, `active`, `created_at`) VALUES ('374cc386-f311-b55e-9340-f76f80a9ea61', 'Leonardo Dias Rego', 'br-riopreto', 1, '2026-03-04 20:02:23');
INSERT INTO `employees` (`id`, `name`, `branch_id`, `active`, `created_at`) VALUES ('b3f77de4-9053-f9b1-f217-b043619aa24a', 'Leticia da Silva Xavier', 'br-jales', 1, '2026-03-04 20:02:23');
INSERT INTO `employees` (`id`, `name`, `branch_id`, `active`, `created_at`) VALUES ('6ed16fc9-ffd3-9c5e-480c-ddc762d7cc1e', 'Lorelaine Ribeiro', 'br-riopreto', 1, '2026-03-04 20:02:23');
INSERT INTO `employees` (`id`, `name`, `branch_id`, `active`, `created_at`) VALUES ('81d81db4-687f-f1c0-a1a1-0a886d490384', 'Lorena Miranda Tavares', 'br-riopreto', 1, '2026-03-04 20:02:23');
INSERT INTO `employees` (`id`, `name`, `branch_id`, `active`, `created_at`) VALUES ('c36ba4c0-30c3-19eb-dbbf-fbc739649341', 'Loyanna Barros Pereira', 'br-votuporanga', 1, '2026-03-04 20:02:23');
INSERT INTO `employees` (`id`, `name`, `branch_id`, `active`, `created_at`) VALUES ('a7ddb4fa-fe92-f2b9-5970-c433aa2136a3', 'Lucas Brandao', 'br-orlandia', 1, '2026-03-04 20:02:23');
INSERT INTO `employees` (`id`, `name`, `branch_id`, `active`, `created_at`) VALUES ('6496a5e6-4375-e7cc-688b-d064a5c09912', 'Lucas Sampaio Kfouri', 'br-riopreto', 1, '2026-03-04 20:02:23');
INSERT INTO `employees` (`id`, `name`, `branch_id`, `active`, `created_at`) VALUES ('d58b918d-68c1-09e7-3dce-fd19f281ab3f', 'Lucas henrique Soares', 'br-jales', 1, '2026-03-04 20:02:23');
INSERT INTO `employees` (`id`, `name`, `branch_id`, `active`, `created_at`) VALUES ('0777cae6-768d-817c-816f-7a10fcc2aa4e', 'Luiz Felipe Souza Silva', 'br-ituverava', 1, '2026-03-04 20:02:23');
INSERT INTO `employees` (`id`, `name`, `branch_id`, `active`, `created_at`) VALUES ('9c94a82d-6af8-44e6-6f78-bf017548bd1e', 'Mailon Henrique Monteiro', 'br-jales', 1, '2026-03-04 20:02:23');
INSERT INTO `employees` (`id`, `name`, `branch_id`, `active`, `created_at`) VALUES ('e74ba548-8d72-217e-e803-845fe80452dc', 'Marcela Racanelli da Silva', 'br-riopreto', 1, '2026-03-04 20:02:23');
INSERT INTO `employees` (`id`, `name`, `branch_id`, `active`, `created_at`) VALUES ('6c784738-3a15-e4b2-2a84-b1e2f9bda7d3', 'Marcos Moreton', 'br-itapolis', 1, '2026-03-04 20:02:23');
INSERT INTO `employees` (`id`, `name`, `branch_id`, `active`, `created_at`) VALUES ('faf3943d-3fbb-db0d-5953-ac4684b47e2b', 'Maria Julia de Souza Belato', 'br-catanduva', 1, '2026-03-04 20:02:23');
INSERT INTO `employees` (`id`, `name`, `branch_id`, `active`, `created_at`) VALUES ('9c6e3935-39e9-ae30-8ccd-33591289813c', 'Mariana Cordeiro', 'br-riopreto', 1, '2026-03-04 20:02:23');
INSERT INTO `employees` (`id`, `name`, `branch_id`, `active`, `created_at`) VALUES ('fc5ae72f-e98b-d4f0-9960-cd02c632e65e', 'Mariela Cestari', 'br-orlandia', 1, '2026-03-04 20:02:23');
INSERT INTO `employees` (`id`, `name`, `branch_id`, `active`, `created_at`) VALUES ('fe2788e4-08a5-67ed-2a74-491168254071', 'Mario Sergio Senise Gomes', 'br-catanduva', 1, '2026-03-04 20:02:23');
INSERT INTO `employees` (`id`, `name`, `branch_id`, `active`, `created_at`) VALUES ('adac1d76-dd93-2b83-92d4-b239e0862134', 'Matheus Larazetti', 'br-itapolis', 1, '2026-03-04 20:02:23');
INSERT INTO `employees` (`id`, `name`, `branch_id`, `active`, `created_at`) VALUES ('25909791-ee0c-dd3c-50c2-90bee31bd71a', 'Matheus Lourenço (ALMOXARIFADO)', 'br-orlandia', 1, '2026-03-04 20:02:23');
INSERT INTO `employees` (`id`, `name`, `branch_id`, `active`, `created_at`) VALUES ('e681eba2-3cd0-e637-c858-0f5bf62b55b6', 'Matheus Renan do Santos', 'br-jales', 1, '2026-03-04 20:02:23');
INSERT INTO `employees` (`id`, `name`, `branch_id`, `active`, `created_at`) VALUES ('1560ed07-b0b9-d29f-9dd5-861a8af5933c', 'Micael Junior Sonsiane', 'br-riopreto', 1, '2026-03-04 20:02:23');
INSERT INTO `employees` (`id`, `name`, `branch_id`, `active`, `created_at`) VALUES ('bc1f1d62-4645-4ca6-b7cd-36c2dc6d25d0', 'Michele', 'br-riopreto', 1, '2026-03-04 20:02:23');
INSERT INTO `employees` (`id`, `name`, `branch_id`, `active`, `created_at`) VALUES ('fffb3aad-bb49-5f05-52dd-ba6fa18e7290', 'Milena Jéssica Diniz', 'br-votuporanga', 1, '2026-03-04 20:02:23');
INSERT INTO `employees` (`id`, `name`, `branch_id`, `active`, `created_at`) VALUES ('ebf5bc5a-0aba-3aa2-10b0-948d54972b2c', 'Milton Venancio de Paula Filho', 'br-jales', 1, '2026-03-04 20:02:23');
INSERT INTO `employees` (`id`, `name`, `branch_id`, `active`, `created_at`) VALUES ('3e1daf28-60ea-9a8e-45c5-3891cb69e009', 'Murilo Henrique da Silva Oliveira', 'br-jales', 1, '2026-03-04 20:02:23');
INSERT INTO `employees` (`id`, `name`, `branch_id`, `active`, `created_at`) VALUES ('cd6a1fe5-49b9-a359-10f2-28720cf2a271', 'Murilo Moreira Vieira', 'br-ituverava', 1, '2026-03-04 20:02:23');
INSERT INTO `employees` (`id`, `name`, `branch_id`, `active`, `created_at`) VALUES ('4abde28b-8b9f-f7ff-cb10-59b5796b799c', 'Nelson Ribeiro da Costa Silva', 'br-riopreto', 1, '2026-03-04 20:02:23');
INSERT INTO `employees` (`id`, `name`, `branch_id`, `active`, `created_at`) VALUES ('b354683f-fb95-4228-d7a9-14e085f45caf', 'Neto Prado', 'br-riopreto', 1, '2026-03-04 20:02:23');
INSERT INTO `employees` (`id`, `name`, `branch_id`, `active`, `created_at`) VALUES ('4a0dfc98-4ee9-967a-59fa-e744b3677761', 'PLANTAO (ITUVERAVA)', 'br-ituverava', 1, '2026-03-04 20:02:23');
INSERT INTO `employees` (`id`, `name`, `branch_id`, `active`, `created_at`) VALUES ('ab2d3d48-579e-b897-e16f-c61921bd13d9', 'Patricia Maria de Oliveira', 'br-jales', 1, '2026-03-04 20:02:23');
INSERT INTO `employees` (`id`, `name`, `branch_id`, `active`, `created_at`) VALUES ('58411f89-1f5c-707a-0412-8c56aaf10e32', 'Patricia Piassi Ferreira', 'br-catanduva', 1, '2026-03-04 20:02:23');
INSERT INTO `employees` (`id`, `name`, `branch_id`, `active`, `created_at`) VALUES ('cc399cb2-5151-fae0-1568-391878027ed7', 'Pedro henrique da Costa (NOTEBOOK ALMOXARIFADO)', 'br-riopreto', 1, '2026-03-04 20:02:23');
INSERT INTO `employees` (`id`, `name`, `branch_id`, `active`, `created_at`) VALUES ('1aa7e446-b0ad-2701-2029-4ca8500888bb', 'Rafael Neves Theodoro (NOTEBOOK ALMOXARIFADO)', 'br-riopreto', 1, '2026-03-04 20:02:23');
INSERT INTO `employees` (`id`, `name`, `branch_id`, `active`, `created_at`) VALUES ('0f48dced-3f44-8639-19a8-ff86864a54ec', 'Rafael Paizao Alves', 'br-jales', 1, '2026-03-04 20:02:23');
INSERT INTO `employees` (`id`, `name`, `branch_id`, `active`, `created_at`) VALUES ('7512b653-8e57-869f-e986-906e77cd980d', 'Rafael Santos Correia', 'br-jales', 1, '2026-03-04 20:02:23');
INSERT INTO `employees` (`id`, `name`, `branch_id`, `active`, `created_at`) VALUES ('e43a903f-7509-a9e6-9f9e-3c2d06d455b7', 'Rafael Sebastião Machado de Carvalho', 'br-ituverava', 1, '2026-03-04 20:02:23');
INSERT INTO `employees` (`id`, `name`, `branch_id`, `active`, `created_at`) VALUES ('46dc7dc3-64cf-e8e9-86c0-f0359ce39d26', 'Rafael Silva Ladeia Filho', 'br-riopreto', 1, '2026-03-04 20:02:23');
INSERT INTO `employees` (`id`, `name`, `branch_id`, `active`, `created_at`) VALUES ('e10cf013-fbcd-ea60-b703-81effcb41d87', 'Rafaela Marta da Silva Assunção', 'br-riopreto', 1, '2026-03-04 20:02:23');
INSERT INTO `employees` (`id`, `name`, `branch_id`, `active`, `created_at`) VALUES ('d86aea02-e636-6a13-7d36-d87a2ddb4d81', 'Rayssa Marchesini de Oliveira', 'br-catanduva', 1, '2026-03-04 20:02:23');
INSERT INTO `employees` (`id`, `name`, `branch_id`, `active`, `created_at`) VALUES ('f10315a1-3a21-7dbc-fdcd-da9a4ded0404', 'Regis Aparecido da Silva Guimaraes', 'br-jales', 1, '2026-03-04 20:02:23');
INSERT INTO `employees` (`id`, `name`, `branch_id`, `active`, `created_at`) VALUES ('6bc2c8b7-2916-0a97-ee04-5f3a133c638f', 'Renne Willy mattar', 'br-votuporanga', 1, '2026-03-04 20:02:23');
INSERT INTO `employees` (`id`, `name`, `branch_id`, `active`, `created_at`) VALUES ('7c1b40ba-8d17-7394-ea32-89efef3442bc', 'Rogerio Malavazzi Sousa', 'br-votuporanga', 1, '2026-03-04 20:02:23');
INSERT INTO `employees` (`id`, `name`, `branch_id`, `active`, `created_at`) VALUES ('8995265d-4abb-ff23-fbdd-97410214bb19', 'Romulo Augusto Cassanti', 'br-catanduva', 1, '2026-03-04 20:02:23');
INSERT INTO `employees` (`id`, `name`, `branch_id`, `active`, `created_at`) VALUES ('419e5085-a1f8-36c7-3129-b7c9922997b0', 'Rubens Fernandes Coelho Junior', 'br-votuporanga', 1, '2026-03-04 20:02:23');
INSERT INTO `employees` (`id`, `name`, `branch_id`, `active`, `created_at`) VALUES ('b95c47ba-5115-5ca8-3625-ac5e7de6ad08', 'Ryan Machado da Silva (ALMOXARIFADO)', 'br-catanduva', 1, '2026-03-04 20:02:23');
INSERT INTO `employees` (`id`, `name`, `branch_id`, `active`, `created_at`) VALUES ('b960921e-6848-4624-94d5-523813a50872', 'Samua Carneiro', 'br-votuporanga', 1, '2026-03-04 20:02:23');
INSERT INTO `employees` (`id`, `name`, `branch_id`, `active`, `created_at`) VALUES ('230ca058-c50b-5de9-be84-2045cba0c651', 'Sergio Bruno da Silva Candido', 'br-orlandia', 1, '2026-03-04 20:02:23');
INSERT INTO `employees` (`id`, `name`, `branch_id`, `active`, `created_at`) VALUES ('4b219abc-d0ef-a854-5544-3e92fb373d2e', 'Silmara Regina Garcia Ferrari', 'br-riopreto', 1, '2026-03-04 20:02:23');
INSERT INTO `employees` (`id`, `name`, `branch_id`, `active`, `created_at`) VALUES ('3737109b-95bb-5758-099e-70b5a505aecd', 'TREINAMENTO', 'br-catanduva', 1, '2026-03-04 20:02:23');
INSERT INTO `employees` (`id`, `name`, `branch_id`, `active`, `created_at`) VALUES ('0533af8d-365d-60fc-1264-b41687e2a20e', 'Talitha Maria Barbosa', 'br-orlandia', 1, '2026-03-04 20:02:23');
INSERT INTO `employees` (`id`, `name`, `branch_id`, `active`, `created_at`) VALUES ('9e9ec388-61b1-c698-147a-d3e8a4f95595', 'Tasso Toledo', 'br-franca', 1, '2026-03-04 20:02:23');
INSERT INTO `employees` (`id`, `name`, `branch_id`, `active`, `created_at`) VALUES ('263df470-c160-fefe-01e4-b74262ee958d', 'Tatiana Munhoz Lopes', 'br-catanduva', 1, '2026-03-04 20:02:23');
INSERT INTO `employees` (`id`, `name`, `branch_id`, `active`, `created_at`) VALUES ('fdabc191-6fbc-2ddd-9daf-e6cdb0dca7a1', 'Tauane Mara Guimaraes', 'br-orlandia', 1, '2026-03-04 20:02:23');
INSERT INTO `employees` (`id`, `name`, `branch_id`, `active`, `created_at`) VALUES ('ba593fe3-8d2b-091f-e720-a2599d9e0b08', 'Thaisa Marta dos Santos', 'br-riopreto', 1, '2026-03-04 20:02:23');
INSERT INTO `employees` (`id`, `name`, `branch_id`, `active`, `created_at`) VALUES ('8eadcad7-ee6c-5cad-b149-44e72eb3b522', 'Thiago Morelatto Lopes (ALMOXARIFADO)', 'br-votuporanga', 1, '2026-03-04 20:02:23');
INSERT INTO `employees` (`id`, `name`, `branch_id`, `active`, `created_at`) VALUES ('93e1a4a6-728f-fdd6-b349-220632535a5c', 'Tiago Correia Devechi', 'br-jales', 1, '2026-03-04 20:02:23');
INSERT INTO `employees` (`id`, `name`, `branch_id`, `active`, `created_at`) VALUES ('d571fe9b-45f0-15a4-d9b1-7ea28bd239d1', 'Tiago Trulio Perez', 'br-orlandia', 1, '2026-03-04 20:02:23');
INSERT INTO `employees` (`id`, `name`, `branch_id`, `active`, `created_at`) VALUES ('7f72c963-21c6-676a-96f6-75c113751641', 'Tulio Henrique Gaspar Dos Santos', 'br-votuporanga', 1, '2026-03-04 20:02:23');
INSERT INTO `employees` (`id`, `name`, `branch_id`, `active`, `created_at`) VALUES ('feb99fa4-64b2-0448-e0f3-3134e2c1cd7d', 'Tulio Tavares', 'br-orlandia', 1, '2026-03-04 20:02:23');
INSERT INTO `employees` (`id`, `name`, `branch_id`, `active`, `created_at`) VALUES ('820428bb-bc78-b916-01fd-c9dca67f5f45', 'Tulio de Oliveira', 'br-catanduva', 1, '2026-03-04 20:02:23');
INSERT INTO `employees` (`id`, `name`, `branch_id`, `active`, `created_at`) VALUES ('d1f82b1d-da68-fd19-f124-e6dc0f3216bd', 'Victor Silva', 'br-orlandia', 1, '2026-03-04 20:02:23');
INSERT INTO `employees` (`id`, `name`, `branch_id`, `active`, `created_at`) VALUES ('101dc900-2201-9cba-0f07-de3647108b3e', 'Vinicius Henrique Batista', 'br-catanduva', 1, '2026-03-04 20:02:23');
INSERT INTO `employees` (`id`, `name`, `branch_id`, `active`, `created_at`) VALUES ('b4b48d52-5bcd-19d7-7aa4-e3b4d4be8815', 'Vinicius de Lima Santana', 'br-votuporanga', 1, '2026-03-04 20:02:23');
INSERT INTO `employees` (`id`, `name`, `branch_id`, `active`, `created_at`) VALUES ('26d77632-3139-0784-0557-8c6ab1510c64', 'WILQUER DA SILVA PAULA', 'br-riopreto', 1, '2026-03-04 20:02:23');
INSERT INTO `employees` (`id`, `name`, `branch_id`, `active`, `created_at`) VALUES ('09fc07f2-0222-d53c-708b-2cf22c286894', 'Wanessa Freitas', 'br-riopreto', 1, '2026-03-04 20:02:23');
INSERT INTO `employees` (`id`, `name`, `branch_id`, `active`, `created_at`) VALUES ('d886b849-7fe5-b102-564e-876c3b78722b', 'Whitney Alves Ribeiro', 'br-ribeirao', 1, '2026-03-04 20:02:23');
INSERT INTO `employees` (`id`, `name`, `branch_id`, `active`, `created_at`) VALUES ('75489e85-2d93-f099-88f6-ecc0baa010a9', 'Willian Ribeiro de lima', 'br-jales', 1, '2026-03-04 20:02:23');
INSERT INTO `employees` (`id`, `name`, `branch_id`, `active`, `created_at`) VALUES ('64592378-25b4-6958-ab29-0196996271e3', 'Yasmin de Arruda MaCHADO', 'br-catanduva', 1, '2026-03-04 20:02:23');
INSERT INTO `employees` (`id`, `name`, `branch_id`, `active`, `created_at`) VALUES ('bb7651f7-9907-4cf5-3241-3af3b877bab0', 'Yuri eduardo de sousa', 'br-orlandia', 1, '2026-03-04 20:02:23');

-- maintenance_records: nenhum registro

-- asset_attachments: nenhum registro

-- users: ERRO — no such table: users

SET FOREIGN_KEY_CHECKS = 1;
